id	제목	분류	트랙	주기	라벨	점수	계열	마지막	소스후보	출처	링크
c0048	청년 실업률	노동	API 트랙	연	정상	26	1	2025	손	경제활동인구조사 「청년실업률(시도)」, 단위: %	https://kosis.kr/statHtml/statHtml.do?orgId=101&tblId=DT_1YL20531E
c2029	합계출산율	출산	API 트랙	연	정상	26	1	2025	손	인구동향조사 「시군구/합계출산율, 모의 연령별 출산율」	https://kosis.kr/statHtml/statHtml.do?orgId=101&tblId=DT_1B81A17
c2033	주간 아파트 매매가격지수(부동산원)	부동산	API 트랙	일·주	정상	272	4	2026-09-28	KOSIS	한국부동산원 전국주택가격동향조사(주간) 「주간 아파트 매매가격지수」, 단위: 2026.7.6=100	https://kosis.kr/statHtml/statHtml.do?orgId=408&tblId=DT_304004_WEEK_002_C
c2034	주간 아파트 매매가격 변동률(부동산원)	부동산	API 트랙	일·주	정상	272	3	2026-09-28	KOSIS	한국부동산원 전국주택가격동향조사(주간) 「주간 아파트 매매가격지수 변동률」, 단위: %, 전주 대비	https://kosis.kr/statHtml/statHtml.do?orgId=408&tblId=DT_304004_WEEK_001_C
c2035	서울 아파트 주간 매매가격지수(2012년~)	부동산	API 트랙	일·주	정상	749	1	2026-09-28	KOSIS	한국부동산원 전국주택가격동향조사(주간). 2021년 6월 이전은 R-ONE 자료를 연쇄 환산 「주간 아파트 매매가격지수」, 단	https://kosis.kr/statHtml/statHtml.do?orgId=408&tblId=DT_304004_WEEK_002_C
c2036	서울 아파트 주간 매매가격 변동률(2012년~)	부동산	API 트랙	일·주	정상	748	1	2026-09-28	KOSIS	한국부동산원 전국주택가격동향조사(주간). 2021년 6월 이전은 R-ONE 지수에서 산출 「주간 아파트 매매가격지수 변동률」,	https://kosis.kr/statHtml/statHtml.do?orgId=408&tblId=DT_304004_WEEK_001_C
c0718	아파트 매매 평균 가격	부동산	KB 엑셀	월	뭉갬	213	7	2026	KB엑셀	KB부동산 데이터허브 「월간 아파트 매매평균가격」, 단위: 억 원	https://data.kbland.kr/kbstats/wmh?tIdx=HT06&tsIdx=aptSaleAvgPrice
c0014	15~29세 실업률	노동	KOSIS 자동	분기	뭉갬	106	1	2026	KOSIS	국가데이터처 「경제활동인구조사」	https://kosis.kr/statHtml/statHtml.do?orgId=101&tblId=DT_1YL20531E
c0004	초등학생 수	한눈에 보는 한국	KOSIS 자동	연	정상	67	1	2031	KOSIS	교육부	https://kosis.kr/statHtml/statHtml.do?orgId=101&tblId=DT_1YL21241
c0040	36시간 이상+미만 취업자	노동	KOSIS 자동	연	정상	46	2	2025	KOSIS	국가데이터처 「경제활동인구조사」	https://kosis.kr/statHtml/statHtml.do?orgId=101&tblId=DT_1DA7011S
c0044	실업률	노동	KOSIS 자동	연	정상	26	5	2025	KOSIS	국가데이터처 「경제활동인구조사」	https://kosis.kr/statHtml/statHtml.do?orgId=101&tblId=DT_1DA7105S
c0047	실업률과 고용률	노동	KOSIS 자동	연	정상	64	2	2025	KOSIS	국가데이터처 「경제활동인구조사」	https://kosis.kr/statHtml/statHtml.do?orgId=101&tblId=DT_1DA7001S
c0063	고용형태별 노동시간	비정규직	KOSIS 자동	연	정상	19	3	2025	KOSIS	고용노동부	https://kosis.kr/statHtml/statHtml.do?orgId=118&tblId=DT_118N_LCE0001
c0064	정규직과 비정규직 시간당 임금	비정규직	KOSIS 자동	연	정상	18	2	2025	KOSIS	고용노동부 근로실태 조사	https://kosis.kr/statHtml/statHtml.do?orgId=118&tblId=DT_118N_LCE0007
c0095	혼인건수와 이혼건수	인구 구조	KOSIS 자동	연	정상	32	2	2025	KOSIS	국가데이터처 「인구동향조사」	https://kosis.kr/statHtml/statHtml.do?orgId=101&tblId=DT_1B8000K
c0097	조혼인율	인구 구조	KOSIS 자동	연	정상	56	1	2025	KOSIS	국가데이터처	https://kosis.kr/statHtml/statHtml.do?orgId=101&tblId=DT_1B8000F
c0099	한국 출생아 수	인구 구조	KOSIS 자동	연	정상	148	4	2072	KOSIS	국가데이터처, 2025년 이후는 「장래인구추계」	https://kosis.kr/statHtml/statHtml.do?orgId=101&tblId=DT_1B8000I
c0100	한국 출생아 수와 사망자 수	인구 구조	KOSIS 자동	연	정상	148	2	2072	KOSIS	국가데이터처, 2025년 이후는 2022년 장래 추계 기준	https://kosis.kr/statHtml/statHtml.do?orgId=101&tblId=DT_1B8000I
c0102	한국 사망자 수와 출생아 수 추계	인구 구조	KOSIS 자동	연	정상	101	4	2070	KOSIS	국가데이터처 「인구동향조사」	https://kosis.kr/statHtml/statHtml.do?orgId=101&tblId=DT_1B8000I
c0109	총진료비와 65세 이상 진료비	인구 구조	KOSIS 자동	연	정상	15	2	2025	KOSIS	국가데이터처	https://kosis.kr/statHtml/statHtml.do?orgId=354&tblId=DT_354004N_046
c0123	경력단절여성	출산	KOSIS 자동	연	정상	12	1	2025	KOSIS	국가데이터처	https://kosis.kr/statHtml/statHtml.do?orgId=101&tblId=DT_1ES4H07J
c0125	육아휴직자	출산	KOSIS 자동	연	정상	15	2	2024	손	휴직 시작일 기준	https://kosis.kr/statHtml/statHtml.do?orgId=101&tblId=DT_CC2024A001
c0154	소비자물가 상승률	물가와 생활	KOSIS 자동	연	정상	26	1	2025	손	(	https://kosis.kr/statHtml/statHtml.do?orgId=101&tblId=DT_1J22003&conn_path=i3
c0155	소비자 물가 상승률	물가와 생활	KOSIS 자동	연	정상	61	1	2025	ECOS	한국은행, 2020=100	https://kosis.kr/statHtml/statHtml.do?orgId=101&tblId=DT_2WEO011
c0157	임금 상승률	물가와 생활	KOSIS 자동	연	정상	14	1	2025	출처없음		https://kosis.kr/statHtml/statHtml.do?orgId=101&tblId=DT_1YL15006
c0231	GDP 대비 사회 복지 지출	복지와 사회 안전망	KOSIS 자동	연	정상	36	1	2024	KOSIS	보건복지부	https://kosis.kr/statHtml/statHtml.do?orgId=117&tblId=DT_11777_N220
c0276	국세 수입	조세와 재정	KOSIS 자동	연	정상	37	1	2026	KOSIS	국세청	https://kosis.kr/statHtml/statHtml.do?orgId=110&tblId=TX_11007_A785
c0287	국가채무	조세와 재정	KOSIS 자동	연	정상	31	2	2027	ECOS	한국은행	https://kosis.kr/statHtml/statHtml.do?orgId=184&tblId=DT_102006_001
c0301	국세 징수 현황	조세와 재정	KOSIS 자동	연	정상	45	4	2025	KOSIS	국가데이터처 「국세통계」	https://kosis.kr/statHtml/statHtml.do?orgId=133&tblId=TX_13301_A011
c0307	국세 징수 현황	조세와 재정	KOSIS 자동	연	정상	30	2	2024	KOSIS	국세청	https://kosis.kr/statHtml/statHtml.do?orgId=133&tblId=TX_13301_A011
c0310	국세 징수 현황	조세와 재정	KOSIS 자동	연	정상	35	4	2024	KOSIS	국가데이터처 「국세통계」	https://kosis.kr/statHtml/statHtml.do?orgId=133&tblId=TX_13301_A011
c0341	대외 채무	조세와 재정	KOSIS 자동	연	정상	32	1	2025	ECOS	한국은행	https://kosis.kr/statHtml/statHtml.do?orgId=301&tblId=DT_311Y004
c0347	1인당 쌀 소비량	식량	KOSIS 자동	연	정상	63	1	2025	KOSIS	국가데이터처 양곡소비 조사. (	https://kosis.kr/statHtml/statHtml.do?orgId=101&tblId=DT_1ED0001
c0512	중국 경제 성장률	세계 경제	KOSIS 자동	연	정상	65	1	2025	IMF	IMF	https://kosis.kr/statHtml/statHtml.do?orgId=101&tblId=DT_XNN0110
c0553	서울과 경기 지역내총생산(GRDP)	지역	KOSIS 자동	연	정상	40	2	2024	KOSIS	국가데이터처	https://kosis.kr/statHtml/statHtml.do?orgId=101&tblId=DT_1C93
c0554	지역내총생산(GRDP)	지역	KOSIS 자동	연	정상	40	6	2024 p)	KOSIS	국가데이터처	https://kosis.kr/statHtml/statHtml.do?orgId=101&tblId=DT_1C91
c0565	부산과 인천 경제활동인구	지역	KOSIS 자동	연	정상	26	2	2025	KOSIS	국가데이터처 「경제활동인구조사」	https://kosis.kr/statHtml/statHtml.do?orgId=101&tblId=DT_1DA7014S
c0583	합계출산율	지역	KOSIS 자동	연	정상	25	8	2024	KOSIS	국가데이터처 「인구동향조사」	https://kosis.kr/statHtml/statHtml.do?orgId=101&tblId=DT_1B81A17
c0641	남한과 북한 GDP	북한	KOSIS 자동	연	정상	36	2	2025	손	명목 기준	https://kosis.kr/statHtml/statHtml.do?orgId=101&tblId=DT_1ZGA36
c0642	남한과 북한 합계출산율	북한	KOSIS 자동	연	정상	65	2	2024	KOSIS	국가데이터처	https://kosis.kr/statHtml/statHtml.do?orgId=101&tblId=DT_1ZGA283
c0669	GDP 대비 정부부채 비율	금융	KOSIS 자동	연	정상	42	2	2031	ECOS	한국은행	https://kosis.kr/statHtml/statHtml.do?orgId=101&tblId=DT_2KAA722
c0731	주택 시가총액	부동산	KOSIS 자동	연	정상	31	3	2025	ECOS	명목, 연말 기준, 한국은행	https://kosis.kr/statHtml/statHtml.do?orgId=101&tblId=DT_104Y282
c1923	세수 현황	조세와 재정	KOSIS 자동	연	정상	47	4	2027	KOSIS	국가데이터처 「국세통계」	https://kosis.kr/statHtml/statHtml.do?orgId=133&tblId=DT_13301_013
c0092	‘쉬었음’ 인구	쉬었음	KOSIS 자동	월	뭉갬	284	4	2026	KOSIS	국가데이터처 「경제활동인구조사」	https://kosis.kr/statHtml/statHtml.do?orgId=101&tblId=DT_1DA7147S
c0094	월별 출생아 수와 혼인 건수	인구 구조	KOSIS 자동	월	정상	547	2	2026-07	KOSIS	국가데이터처 「인구동향조사」 월별 인구동향(전국), 최근 2개월은 잠정치, 단위: 명·건	https://kosis.kr/statHtml/statHtml.do?orgId=101&tblId=DT_1B8000G
c0153	월별 물가 상승률	물가와 생활	KOSIS 자동	월	뭉갬	729	1	2026	ECOS	전년 대비, 한국은행	https://kosis.kr/statHtml/statHtml.do?orgId=101&tblId=DT_1YL20581
c0494	코스피 지수	세계 경제	KOSIS 자동	월	뭉갬	544	1	2026	KOSIS	국가데이터처 「증권·파생상품시장통계」	https://kosis.kr/statHtml/statHtml.do?orgId=343&tblId=DT_343_2010_S0029
c0689	코스닥 지수	주식	KOSIS 자동	월	뭉갬	344	1	2026	KOSIS	국가데이터처 「증권·파생상품시장통계」	https://kosis.kr/statHtml/statHtml.do?orgId=343&tblId=DT_343_2010_S0065
c0702	코스피 PBR(주가자산비율)	주식	KOSIS 자동	월	정상	272	1	2026	KRX	KRX	https://kosis.kr/statHtml/statHtml.do?orgId=343&tblId=DT_343_2010_S0034
c0711	주택 가격 전망 지수	부동산	KOSIS 자동	월	정상	165	1	2026-09	ECOS	한국은행	https://kosis.kr/statHtml/statHtml.do?orgId=301&tblId=DT_511Y002
c0743	서울과 수도권 아파트 평균 분양가	부동산	KOSIS 자동	월	정상	128	2	2026.08	손	주택도시보증공사	https://kosis.kr/statHtml/statHtml.do?orgId=414&tblId=DT_41401N_005
c2073	리얼미터 대통령 지지율	정치	리얼미터	없음	-	68	2	10	리얼미터PDF	단위: %. 리얼미터.	
c2074	대통령과 정당 지지율	정치	리얼미터	없음	-	68	3	10	리얼미터PDF	리얼미터	
	20대 이하 일자리	노동	미등록	분기	뭉갬	32	2	2025	KOSIS	통계청, 단위: 만 명.	
c0015	15~29세 실업자 수	노동	미등록	분기	뭉갬	105	2	2026	KOSIS	국가데이터처 「경제활동인구조사」	
c0018	20대 이하 일자리	노동	미등록	분기	뭉갬	30	2	2025	KOSIS	국가데이터처	
c0019	30대 일자리	노동	미등록	분기	뭉갬	30	2	2025	KOSIS	국가데이터처	
c0020	20대 이하 일자리	노동	미등록	분기	뭉갬	32	2	2025	KOSIS	국가데이터처	
c0021	지속 고용과 신규 채용	노동	미등록	분기	뭉갬	32	2	2025	KOSIS	국가데이터처	
c0050	일자리 수 증가	노동	미등록	분기	뭉갬	30	1	2025	KOSIS	국가데이터처	
c0548	보잉 당기순이익 추이	세계 경제	미등록	분기	뭉갬	63	2	2024	출처없음		
c0660	GDP 대비 가계부채 비율	금융	미등록	분기	뭉갬	251	1	2025	ECOS	한국은행	
c0664	4대 은행 이자수익과 이자비용	금융	미등록	분기	뭉갬	38	3	2025	손	금융감독원 「금융통계」시스템	
c0665	시중은행 이자수익과 이자비용	금융	미등록	분기	뭉갬	69	3	2025	손	금융감독원 「금융통계」시스템	
c0671	GDP 대비 가계와 기업부채 비율	금융	미등록	분기	뭉갬	253	2	2025	ECOS	한국은행	
c0716	서울 지역 주택 가격과 가구 소득 추이	부동산	미등록	분기	뭉갬	73	2	2026	KB엑셀	KB부동산	https://data.kbland.kr/kbstats/pir
c0737	총부채원리금상환비율(DSR)	부동산	미등록	분기	뭉갬	19	1	2025	손	국제결제은행	
c0742	부동산 담보 대출	부동산	미등록	분기	뭉갬	87	1	2025	출처없음		
c0834	국제투자대조표	환율	미등록	분기	뭉갬	124	2	2025	출처없음		
c0835	직접투자 유출과 유입	환율	미등록	분기	뭉갬	123	2	2025	출처없음		
c0836	순대외금융자산	환율	미등록	분기	뭉갬	123	1	2025	출처없음		
c0837	국제투자대조표. (1)	환율	미등록	분기	뭉갬	123	2	2025	출처없음		
c0847	음식료품 소비지수와 음식점업 생산지수	소비와 물가	미등록	분기	뭉갬	81	2	2025	KOSIS	국가데이터처 서비스업동향 조사. 2020년을 100으로, 불변 지수	
c0869	소득 5분위 소득 대비 식료품+외식비 비중	소비와 물가	미등록	분기	뭉갬	24	5	2024	KOSIS	국가데이터처 「가계동향조사」	
c0887	가구당 담배와 주류 지출(명목)	소비와 물가	미등록	분기	뭉갬	29	2	2026	출처없음		
c0888	가구당 담배와 주류 지출(실질)	소비와 물가	미등록	분기	뭉갬	29	2	2026	출처없음		
c1034	실질 GDP 성장률(전 분기 대비)	지속가능한 성장	미등록	분기	뭉갬	262	2	2026	ECOS	한국은행	
c1035	실질 GDP 성장률(전년 동기 대비)	지속가능한 성장	미등록	분기	뭉갬	262	2	2026	ECOS	한국은행	
c1036	명목 GDP 성장률(작년 동기 대비)	지속가능한 성장	미등록	분기	뭉갬	261	2	2026	ECOS	한국은행	
c1037	명목 GDP 성장률(전 분기 대비)	지속가능한 성장	미등록	분기	뭉갬	265	2	2026	ECOS	한국은행	
c1038	분기별 성장률	지속가능한 성장	미등록	분기	뭉갬	261	1	2026	ECOS	한국은행	
c1039	GNI 성장률(전 분기 대비)	지속가능한 성장	미등록	분기	뭉갬	266	2	2026	ECOS	한국은행	
c1040	GNI 성장률(전년 동기 대비)	지속가능한 성장	미등록	분기	뭉갬	262	2	2026	ECOS	한국은행	
c1041	분기별 성장률	지속가능한 성장	미등록	분기	뭉갬	105	1	2026	ECOS	한국은행	
c1122	쿠팡 분기별 매출	기업과 산업	미등록	분기	뭉갬	26	1	2026	손	쿠팡 사업 보고서	
c1123	쿠팡 분기별 영업이익	기업과 산업	미등록	분기	뭉갬	26	1	2026	손	쿠팡 사업 보고서	
c1127	쿠팡 분기별 영업이익	기업과 산업	미등록	분기	뭉갬	24	1	2025	손	쿠팡 사업 보고서	
c1140	매출 570억 달러. 영업이익 360억 달러	기업과 산업	미등록	분기	뭉갬	60	2	2025	출처없음		
c1326	아마존 고용 인원	TMI	미등록	분기	뭉갬	32	1	2025	출처없음		https://www.macrotrends.net/stocks/charts/AMZN/amazon/number-of-employees
c1511	20대 이하 인구 대비 일자리 비중	노동	미등록	분기	뭉갬	32	2	2025	KOSIS	국가데이터처	
c1512	20대 인구	노동	미등록	분기	뭉갬	32	3	2025	KOSIS	국가데이터처	
c1605	가계 대출과 기업 대출. — 가계 신용	금융	미등록	분기	뭉갬	77	1	2026	출처없음		
c1614	국제투자대조표	환율	미등록	분기	뭉갬	123	2	2025	출처없음		
c2051	현대차 생산 실적	수출과 무역	미등록	분기	뭉갬	42	3	2026	손	단위: 만 대.	
c2081	미국의 재정 적자	세계 경제	미등록	분기	뭉갬	242	1	2026	손	단위: 10억 달러.	https://fred.stlouisfed.org/series/GFDEBTN#
c2099	지역내총생산(GRDP) 성장률	지역	미등록	분기	뭉갬	31	5	2026p	KOSIS	국가데이터처, 단위: %.	
c2101	가계 대출과 기업 대출. — 가계 신용	금융	미등록	분기	뭉갬	94	1	2026	손	단위: 조 원.	
c2102	가계 대출과 기업 대출	금융	미등록	분기	뭉갬	93	1	2026	손	단위: 조 원.	
c2114	스타벅스코리아 분기별 영업이익	주식	미등록	분기	뭉갬	26	1	2026	손	단위: 억 원.	
c2115	스타벅스코리아 분기별 매출	주식	미등록	분기	뭉갬	26	1	2026	손	단위: 억 원.	
c2143	분기별 GDP 성장률	지속가능한 성장	미등록	분기	뭉갬	106	1	2026	ECOS	단위: %. 한국은행.	
c2153	엔비디아 주가와 PER	기업과 산업	미등록	분기	뭉갬	81	2	2026	KB엑셀	단위: 조 원, 블룸버그 컨센서스, KB증권 추정.	
c2172	현대차 분기별 영업이익	기업과 산업	미등록	분기	뭉갬	82	1	2026	손	단위: 억 원.	
	성별 임금 격차의 요인. (2)	젠더와 격차	미등록	없음	-	1	9	Untitled 1	손	한국노동연구원, 2023년 기준.	
	상속재산 가액 규모별 상속세 신고 현황. (1)	조세와 재정	미등록	없음	-	1	5	인원	KOSIS	국세청, 단위 억 원과 명.	
	양도소득세. (결정세액 기준.)	조세와 재정	미등록	없음	-	3	1	파생상품	출처없음		
	쌀	식량	미등록	없음	-	1	1	Untitled 1	출처없음		
	이재명 체제	정치	미등록	없음	-	9	1	김병주	손	민주당 최고위원회의.	
	이재명 지지자 분포. — 2025년 5월	정치	미등록	없음	-	3	3	기타	손	한겨레-에스티아이 조사. 단위: %.	
	이재명 지지자 분포. — 2025년 9월	정치	미등록	없음	-	3	3	기타	손	한겨레-에스티아이 조사. 단위: %.	
	이재명 지지자 분포. — 2026년 1월	정치	미등록	없음	-	3	3	기타	손	한겨레-에스티아이 조사. 단위: %.	
	서울 자치구별 종합부동산세 현황. — 2022년	정치	미등록	없음	-	25	1	강북구	출처없음		
	서울 자치구별 종합부동산세 현황. — 2017년	정치	미등록	없음	-	25	1	금천구	출처없음		
	박근혜 탄핵 표결 결과(이탈표 최소 56명). (2)	정치	미등록	없음	-	1	3	표결	출처없음		
	20~29세 여성 고용률	지역	미등록	없음	-	18	1	전국	KOSIS	통계청, 2023년 기준.	
	SK하이닉스 단일 종목 레버리지 ETF 가격과 거래량	주식	미등록	없음	-	54	2	08/12	KRX	KRX, 단위: 조 원.	
	민주당과 국민의힘 의원 부동산 보유 현황	부동산	미등록	없음	-	12	2	서울 마포구	손	2025년 기준, 보유 부동산 합계, 단위: 억 원.	
	공시지가 총액	부동산	미등록	없음	-	12	4	2022년	출처없음		
	규제 시장과 자발적 시장, 배출권 거래 시장과 크레딧 시장의 구조. (2)	기후와 에너지	미등록	없음	-	1	3	April	출처없음		https://www.shell.com/shellenergy/othersolutions/carbonmarketreports.html#vanity-aHR0cHM6L
	11차 전력 수급 계획 발전량	기후와 에너지	미등록	없음	-	1	7	발전량	손	산업통상자원부, 단위: Twh.	
	시가총액 상위 20개 국가	기업과 산업	미등록	없음	-	20	1	United Arab Emirates	손	2026년 6월17일 기준, 단위: 조 달러.	
	코레일	기업과 산업	미등록	없음	-	1	1	대한민국 정부	출처없음		
	스마트폰 점유율. — 글로벌	기업과 산업	미등록	없음	-	7	1	기타	출처없음		
	스마트폰 점유율. — 한국	기업과 산업	미등록	없음	-	4	1	기타	출처없음		
	PISA 언어능력 점수	TMI	미등록	없음	-	5	4	55–65세	출처없음		
	주요 AI 앱 이용자 수	TMI	미등록	없음	-	10	1	딥시크	손	와이즈앱 리테일, 2025년 11월 기준, 단위: 만 명.	
	광고	미디어와 저널리즘	미등록	없음	-	2	2	종이신문 광고	손	2024년 연간기준.	
	구독	미디어와 저널리즘	미등록	없음	-	2	1	종이신문 구독	손	2024년 연간기준.	
	KBS	미디어와 저널리즘	미등록	없음	-	1	1	한국 정부	출처없음		
	EBS	미디어와 저널리즘	미등록	없음	-	1	1	한국 정부	출처없음		
c0001	생애주기 소득과 소비	한눈에 보는 한국	미등록	없음	-	86	2	85+	KOSIS	국가데이터처 2024년 국민이전계정(1인당, 2026-09-17 발표), 단위: 만원	https://kosis.kr/statHtml/statHtml.do?orgId=101&tblId=DT_1NTA2003
c0002	생애주기 공공 소비	한눈에 보는 한국	미등록	없음	-	86	2	85+	KOSIS	국가데이터처 2024년 국민이전계정(1인당, 2026-09-17 발표), 단위: 만원	https://kosis.kr/statHtml/statHtml.do?orgId=101&tblId=DT_1NTA2003
c0003	생애주기 적자	한눈에 보는 한국	미등록	없음	-	86	1	85+	KOSIS	국가데이터처 2024년 국민이전계정(1인당, 2026-09-17 발표), 단위: 만원	https://kosis.kr/statHtml/statHtml.do?orgId=101&tblId=DT_1NTA2003
c0028	남녀 근속 기간 차이	노동	미등록	없음	-	3	2	전체 기업	손	노동부 근로 실태 조사	
c0031	한국 노동시장 구조	노동	미등록	없음	-	4	1	중소기업 비정규직	손	2025년 기준, 한국경제인총협회	
c0032	한국의 생산가능인구 분포	노동	미등록	없음	-	2	4	비경제활동인구	KOSIS	국가데이터처 「경제활동인구조사」, 2025년	
c0033	한국의 청년 인구 분포	노동	미등록	없음	-	2	4	비경제활동인구	KOSIS	국가데이터처 「경제활동인구조사」, 2025년	
c0034	취업자 분포	노동	미등록	없음	-	10	3	60세 이상 여성	KOSIS	국가데이터처 「경제활동인구조사」, 2025년	
c0035	실업률과 고용률의 차이	노동	미등록	없음	-	3	6	비경제활동인구	KOSIS	국가데이터처, 2025년	
c0036	경제활동인구 현황	노동	미등록	없음	-	10	4	60세 ~	KOSIS	국가데이터처, 2024년 9월	
c0038	경제활동인구 현황	노동	미등록	없음	-	4	2	대졸이상	KOSIS	국가데이터처, 2024년 9월	
c0057	연간 노동 시간	노동	미등록	없음	-	35	1	Germany	OECD	OECD, 2023년 기준	
c0080	최저임금 국가 비교	최저임금	미등록	없음	-	20	1	Andorra	손	World Population Review, Minimum Wage by Country 2024	
c0082	중대재해 처리 현황	산업재해	미등록	없음	-	4	1	집행유예	출처없음		
c0088	고용노동부 산업재해 현황	산업재해	미등록	없음	-	6	1	1000인 이상	출처없음		
c0106	고령 인구 비율	인구 구조	미등록	없음	-	18	1	제주특별자치도	KOSIS	2024년 11월 기준 국가데이터처	
c0113	2차 베이비부머	인구 구조	미등록	없음	-	101	3	100세 이상	출처없음		
c0116	출산과 혼인 건수	인구 구조	미등록	없음	-	12	2	12	손	1981~2023년 월 평균	
c0117	연령대별 결혼+미혼 비율 비교	인구 구조	미등록	없음	-	6	2	40대 여성	KOSIS	국가데이터처 2024 사회동향 조사	
c0118	미혼 남녀 성비	인구 구조	미등록	없음	-	8	2	50세 이상	출처없음		
c0119	수도권 미혼 남녀 성비	인구 구조	미등록	없음	-	8	2	50세 이상	출처없음		
c0120	비수도권 미혼 남녀 성비	인구 구조	미등록	없음	-	8	2	50세 이상	출처없음		
c0121	미혼 남녀 분포. (1)	인구 구조	미등록	없음	-	3	2	40대	손	2020년 인구 총조사 기준	
c0124	기혼여성 취업률	출산	미등록	없음	-	17	2	제주	KOSIS	국가데이터처	
c0128	출산 전후 엄마 취업비율	출산	미등록	없음	-	37	13	+720일	출처없음		
c0133	출산 전후 취업 확률	출산	미등록	없음	-	9	1	11~12년	출처없음		
c0134	임금과 둘째 이상 출산률	출산	미등록	없음	-	8	1	600만 원 이상	출처없음		
c0135	지역별 합계 출산율	출산	미등록	없음	-	18	1	서울	출처없음		
c0136	합계출산율 비교	출산	미등록	없음	-	37	1	Korea	OECD	2021년 기준, OECD	
c0138	월별 출생아 수	출산	미등록	없음	-	12	46	12월	출처없음		
c0143	연령대별 고용률	출산	미등록	없음	-	10	2	60세이상	손	2025년 10월 기준	
c0144	남성 연령대별 고용률	출산	미등록	없음	-	10	26	60세 이상	출처없음		
c0145	남녀 연령대별 고용률	출산	미등록	없음	-	10	2	60세 이상	출처없음		
c0146	여성 연령대별 고용률	출산	미등록	없음	-	10	26	60세 이상	출처없음		
c0147	2025년. 2015년. 2000년	출산	미등록	없음	-	10	25	60세이상	KOSIS	국가데이터처	
c0148	연령대별 고용률 비교(남성)	출산	미등록	없음	-	11	2	65+	출처없음		
c0149	연령대별 고용률 비교(여성)	출산	미등록	없음	-	11	2	65+	출처없음		
c0159	현대자동차 생산과 판매 현황. (1)	수출과 무역	미등록	없음	-	2	2	판매	손	2024년 기준	
c0163	자동차 기업 시가 총액	수출과 무역	미등록	없음	-	13	1	스텔란티스	출처없음		
c0165	2025년 전기자동차 배터리 설치 규모	수출과 무역	미등록	없음	-	11	1	기타	손	SNE Research	
c0180	성별 임금 격차	젠더와 격차	미등록	없음	-	43	1	Belgium	OECD	Gender wage gap Employees, Percentage, 2022 or latest available / OECD	
c0182	연령대별 평균 임금총액	젠더와 격차	미등록	없음	-	5	19	60세이상	출처없음		
c0187	대기업과 중소기업 연령대별 임금 격차. 2023년	젠더와 격차	미등록	없음	-	6	2	60세 이상	KOSIS	국가데이터처 「일자리행정통계」	
c0188	대기업과 중소기업 연령대별 임금 격차. 2024년	젠더와 격차	미등록	없음	-	7	2	70세 이상	KOSIS	국가데이터처 「일자리행정통계」	
c0192	기업규모별 남녀 취업자 수	젠더와 격차	미등록	없음	-	6	2	300명 이상	KOSIS	국가데이터처 「일자리행정통계」	
c0193	기혼 여성의 경력 단절과 임금 격차	젠더와 격차	미등록	없음	-	4	1	기혼 남성 평균	KOSIS	국가데이터처, 지역별 「고용조사」, 2022년 4월	
c0196	출생 년도별 대졸자 비율	젠더와 격차	미등록	없음	-	4	2	1985~1989년	출처없음		
c0197	기업규모별 남녀 취업자 비율	젠더와 격차	미등록	없음	-	2	6	여성	KOSIS	국가데이터처 「일자리행정통계」	
c0198	기업규모별 남녀 취업자 수	젠더와 격차	미등록	없음	-	2	6	여성	KOSIS	국가데이터처 「일자리행정통계」	
c0199	기업규모별 남녀 취업자 비율	젠더와 격차	미등록	없음	-	2	3	남성	KOSIS	국가데이터처 「일자리행정통계」	
c0204	순자산 10분위 순자산 비교	젠더와 격차	미등록	없음	-	10	1	순자산 10분위	손	국가데이처터	
c0208	지니 계수 비교	젠더와 격차	미등록	없음	-	172	1	Slovakia	출처없음		https://worldpopulationreview.com/country-rankings/gini-coefficient-by-country
c0209	시장 Vs. 가처분 소득 지니 계수 개선 효과	젠더와 격차	미등록	없음	-	37	1	Mexico	OECD	OECD 소득분배 데이터베이스, 각국 최신 연도(2019~2025, 대부분 2023년). 시장소득 지니계수가 세금·이전소득을 	https://www.oecd.org/en/data/datasets/income-distribution-database.html
c0212	소득 분위별 100가구당 출산 가구수	젠더와 격차	미등록	없음	-	3	2	상위층	손	15~49세. KDI, 한국노동패널	
c0213	출산 가구의 소득 분포	젠더와 격차	미등록	없음	-	2	3	2019년	손	KDI, 한국노동패널	
c0216	2021~2022년 소득 분위별 이동 비율	젠더와 격차	미등록	없음	-	5	3	1분위	KOSIS	국가데이터처	
c0217	2021~2022년 성별 연령별 이동 비율	젠더와 격차	미등록	없음	-	5	3	여성	KOSIS	국가데이터처	
c0218	소득 수준별 상위권 대학 진학률	젠더와 격차	미등록	없음	-	5	1	소득 5분위	손	2010년 기준, 한국교육종단연구	
c0222	근로소득 100분위 자료	젠더와 격차	미등록	없음	-	109	1	0.1%	KOSIS	국세청. (2022년 근로소득에 대한 2023년 신고 자료.)	
c0223	근로소득 1000분위 자료	젠더와 격차	미등록	없음	-	109	1	0.1%	KOSIS	국세청. (2022년 근로소득에 대한 2023년 신고 자료.)	
c0229	2024년 1분기. 월 평균 소득과 지출	젠더와 격차	미등록	없음	-	6	2	5분위	KOSIS	국가데이터처 「가계동향조사」. (	https://kosis.kr/common/meta_onedepth.jsp?vwcd=MT_ZTITLE&listid=G_A_10
c0230	2019년 1분기. 월 평균 소득과 지출	젠더와 격차	미등록	없음	-	6	2	5분위	KOSIS	국가데이터처 「가계동향조사」. (	https://kosis.kr/common/meta_onedepth.jsp?vwcd=MT_ZTITLE&listid=G_A_10
c0233	정부 재정에 따른 불평등 개선 효과	복지와 사회 안전망	미등록	없음	-	37	1	Mexico	OECD	OECD 소득분배 데이터베이스, 각국 최신 연도(2019~2025, 대부분 2023년). 시장소득 지니계수에서 가처분소득 지니	https://www.oecd.org/en/data/datasets/income-distribution-database.html
c0234	불평등 개선 효과. (2)	복지와 사회 안전망	미등록	없음	-	39	2	Slovak Republic	OECD	한국은 2024년, 다른 나라는 2022년 기준, OECD. 일부는 2021년과 2023년, 최신 년도 데이터	
c0236	건강수명	복지와 사회 안전망	미등록	없음	-	8	1	여성	KOSIS	국가데이터처	
c0238	기대수명	복지와 사회 안전망	미등록	없음	-	38	1	Latvia	OECD	2023년 기준, OECD	
c0246	요양보호사 현황	사회	미등록	없음	-	6	2	70대 이상	손	이민정책연구원, 단위 명	
c0247	국토교통부. 전국 건축물 현황	사회	미등록	없음	-	5	1	기타	출처없음		
c0249	대학 신규 졸업자 월 평균 임금	사회	미등록	없음	-	11	2	서비스	KOSIS	국가데이터처 「경제활동인구조사」	
c0251	대학 서열에 따른 임금 격차	사회	미등록	없음	-	7	4	55~59세	손	한국노동연구원	
c0253	검사 퇴직 추이	사회	미등록	없음	-	6	1	2025년	출처없음		
c0254	출퇴근에 걸리는 시간	사회	미등록	없음	-	29	1	Sweden	OECD	OECD, 1999~2014년 평균	
c0255	비혼 출산 비율	사회	미등록	없음	-	42	1	Japan	손	월드파퓰레이션리뷰	https://worldpopulationreview.com/country-rankings/out-of-wedlock-births-by-country
c0256	운항횟수	사회	미등록	없음	-	14	1	원주	손	2019년 1월~2024년 8월. 한국공항공사	
c0257	조류 충돌 사고	사회	미등록	없음	-	14	1	원주	손	2019년 1월~2024년 8월. 한국공항공사	
c0260	1인당 의료비와 의사 수	사회	미등록	없음	-	17	2	세종	KOSIS	국민건강보험공단	
c0263	고독사 발생 현황	사회	미등록	없음	-	7	2	80대 이상	출처없음		
c0265	수도권 쓰레기 직매립 현황	사회	미등록	없음	-	3	2	인천	손	2024년 기준	
c0266	특별시와 광역시 빈집 수	사회	미등록	없음	-	8	1	세종	KOSIS	국가데이터처	
c0268	자산과 투표 성향	사회	미등록	없음	-	5	2	하위	손	동아시아연구원	
c0269	스토킹 처벌법 시행 이후 1심 선고 비율	사회	미등록	없음	-	4	24	공소 기각 등	출처없음		
c0279	소득세 실효세율 비교	조세와 재정	미등록	없음	-	39	1	Colombia	OECD	OECD	
c0280	소득세와 사회보장 기여분	조세와 재정	미등록	없음	-	39	2	Colombia	OECD	OECD	
c0282	상위 10대 추경안 세부 사업	조세와 재정	미등록	없음	-	10	1	중기부 긴급경영안정 자금(융자)	손	이상민 정리	
c0292	GDP 대비 국방비 지출	조세와 재정	미등록	없음	-	40	1	Switzerland	손	Stockholm International Peace Research Institute	
c0294	서울 자치구별 종합부동산세 현황	조세와 재정	미등록	없음	-	25	2	중랑구	출처없음		
c0295	전국 종합부동산세 주택분 과세 현황	조세와 재정	미등록	없음	-	17	1	전남	출처없음		
c0296	연말 정산 신고 현황	조세와 재정	미등록	없음	-	13	1	결정세액이 없는 자	KOSIS	국세청	
c0304	서민+중산층+중소중견기업. 세법 개정에 따른 세수 효과	조세와 재정	미등록	없음	-	4	2	윤석열	KOSIS	누적법 기준, 국세청	
c0305	고소득층+대기업. 세법 개정에 따른 세수 효과	조세와 재정	미등록	없음	-	4	2	윤석열	KOSIS	누적법 기준, 국세청	
c0313	GDP 대비 소득세와 상속세 비중	조세와 재정	미등록	없음	-	8	2	캐나다	OECD	OECD	
c0315	OECD 평균과 비교한 GDP 대비 부동산 세금 비중	조세와 재정	미등록	없음	-	2	2	부동산 보유세	OECD	2018년 기준 OECD	
c0316	부동산 실효세율	조세와 재정	미등록	없음	-	30	1	룩셈부르크	손	토지+자유연구소	
c0325	5가지 부동산 관련 세금	조세와 재정	미등록	없음	-	5	1	종합부동산세	손	「국세통계」와 나라지표. 2022년 기준	
c0326	법인세 최고세율	조세와 재정	미등록	없음	-	8	1	이재명 정부	출처없음		
c0330	부동산 관련 세금	조세와 재정	미등록	없음	-	2	1	거래세	출처없음		
c0331	전체 조세에서 부동산 관련 세금의 비중	조세와 재정	미등록	없음	-	2	3	지방세	손	「국세통계」와 나라지표. 2022년 기준	
c0332	법인세 실효 세율	조세와 재정	미등록	없음	-	36	1	Hungary (HU)	출처없음		
c0335	공시지가 총액	조세와 재정	미등록	없음	-	12	4	2022년	출처없음		
c0344	한국	식량	미등록	없음	-	66	1	Syria	출처없음		
c0363	좋아하는 커피 전문점 브랜드	식량	미등록	없음	-	12	10	여성 60대 이상	갤럽PDF	한국갤럽	
c0364	주요 커피 프랜차이즈 가맹점 수	식량	미등록	없음	-	11	1	커피빈	손	2025년 9월, 공정거래위원회	
c0372	미국산 소고기 수입 현황	식량	미등록	없음	-	30	1	Thailand	손	USDA	
c0378	이재명 공약 분포	정치	미등록	없음	-	10	1	기후와 환경	출처없음		
c0380	대통령과 정당 지지율	정치	미등록	없음	-	53	3	10	갤럽PDF	한국갤럽	
c0381	국회 법안 발의 현황	정치	미등록	없음	-	9	3	21대	손	「입법조사」처	
c0382	국회 법안 통과 현황	정치	미등록	없음	-	9	3	21대	손	「입법조사」처	
c0383	국회 법안 발의와 통과 현황	정치	미등록	없음	-	9	2	21대	손	「입법조사」처	
c0384	22대 국회 법안 발의 톱 50	정치	미등록	없음	-	50	1	이해식	손	국회의안정보시스템	
c0385	역대 정부 공약 이행 비율	정치	미등록	없음	-	5	1	윤석열	손	경제정의실천시민연합, 윤석열은 뉴스톱	
c0386	역대 국회 법안 통과율	정치	미등록	없음	-	21	1	21대	손	국회의안정보시스템	
c0391	대구시장 가상 양자 대결	정치	미등록	없음	-	8	2	김부겸-최은석	손	영남일보 조사, ARS, ±3.4% (95% 신뢰수준)	
c0392	여론M 지방 선거 예측	정치	미등록	없음	-	15	2	제주	손	MBC 여론M, 5월28일 기준, (광주는 데이터가 없어 빠졌습니다.)	
c0394	여론M 지방 선거 예측	정치	미등록	없음	-	8	3	제주 서귀포	손	MBC 여론M, 5월28일 기준, (데이터가 부족한 지역구는 빠졌습니다.)	
c0395	역대 국회 법안 통과율	정치	미등록	없음	-	9	1	21대	손	국회의안정보시스템	
c0396	국회 법안 처리 기간	정치	미등록	없음	-	9	1	21대	손	「입법조사」처	
c0397	의원 1인당 법안 발의와 통과 건수	정치	미등록	없음	-	6	2	영국	손	21대 국회 기준, 국회미래연구원	
c0398	법안 통과 비율	정치	미등록	없음	-	6	1	영국	손	21대 국회 기준, 국회미래연구원	
c0399	역대 대통령 지지율	정치	미등록	없음	-	20	8	5년차	갤럽PDF	역대 대통령 직무 수행 평가 긍정률. / 갤럽. 분기별 평균이고 마지막 데이터는 최종 집계 기준. 윤석열은 2024년 12월 	
c0399	역대 대통령 지지율	정치	미등록	없음	-	20	8	5년차	갤럽PDF	역대 대통령 직무 수행 평가 긍정률. / 갤럽. 분기별 평균이고 마지막 데이터는 최종 집계 기준. 윤석열은 2024년 12월 	
c0400	95% 신뢰수준에서 ± 3.1% 표본오차, 응답률 22.2%	정치	미등록	없음	-	57	2	6	손	NBS 「전국지표조사」	
c0401	95% 신뢰수준에서 ± 3.1% 표본오차, 응답률 26%	정치	미등록	없음	-	30	3	8	손	NBS 「전국지표조사」	
c0413	성별-연령대별 대통령 지지율	정치	미등록	없음	-	19	12	8월1주	갤럽PDF	갤럽리포트, 월간 평균	
c0414	성별-연령대별 민주당 지지율	정치	미등록	없음	-	6	2	70대 이상	갤럽PDF	갤럽리포트, 월간 평균	
c0415	성별-연령대별 국민의힘 지지율	정치	미등록	없음	-	6	2	70대 이상	갤럽PDF	갤럽리포트, 월간 평균	
c0420	2016년 12월 9일, 탄핵안 가결. 3년10개월 차	정치	미등록	없음	-	19	3	5년차	갤럽PDF	역대 대통령 직무 수행 평가 긍정률. / 한국갤럽. 분기별 평균이고 마지막 데이터는 최종 집계 기준. 윤석열은 2024년 12	
c0421	의대 정원 증원	정치	미등록	없음	-	112	1	12월	갤럽PDF	갤럽	
c0422	민주당-조국혁신당 합당 의견은?	정치	미등록	없음	-	4	3	국민의힘 지지자	손	「여론조사」꽃, / 23일과 24일 전국 만 18세 이상 남녀 1003명, 무선·전화면접(CATI) 방식. 표본오차는 95% 	
c0423	역대 대통령 취임 첫 분기 지지율	정치	미등록	없음	-	8	1	이재명	출처없음		
c0424	9회 지방선거 투표율	정치	미등록	없음	-	18	2	제주	출처없음		
c0425	역대 대통령 취임 첫 분기와 마지막 분기 지지율	정치	미등록	없음	-	8	2	이재명	출처없음		
c0426	역대 대통령 취임 첫 직무수행 긍정율	정치	미등록	없음	-	8	1	이재명	출처없음		
c0427	역대 대통령 평가	정치	미등록	없음	-	11	3	윤석열	갤럽PDF	한국갤럽, 11월28일. 표본오차: ±3.1%포인트(95% 신뢰수준)	
c0431	정청래 잘하고 있습니까. (1)	정치	미등록	없음	-	3	3	국민의힘 지지자	갤럽PDF	한국갤럽, 2월 첫째주 「여론조사」. 전화면접 방식, ±3.1%포인트(95% 신뢰수준)	
c0432	지역구 의석 배분	정치	미등록	없음	-	9	1	제주	출처없음		
c0434	지역구 의석 배분	정치	미등록	없음	-	8	1	제주	출처없음		
c0436	서울과 경기 의석 수 비교. (1)	정치	미등록	없음	-	2	3	2012년 경기	출처없음		
c0437	서울과 경기 득표율 비교	정치	미등록	없음	-	9	3	2024년 경기	출처없음		
c0438	가치 지향에 따른 6개 유권자 그룹	정치	미등록	없음	-	6	6	개혁우선	출처없음		
c0440	지방선거에서 많이 당선돼야 하는 후보는?	정치	미등록	없음	-	5	2	2월	갤럽PDF	한국갤럽	
c0446	정당 지지율. (1)	정치	미등록	없음	-	2	4	20대 이하 여성	갤럽PDF	갤럽리포트 5월 통합&21대 대선 방송 3사 출구 조사 결과	
c0448	21대 대선 지역별 득표 수	정치	미등록	없음	-	6	3	기타	손	최종 개표 결과	
c0450	21대 대선 연령대별 지지율 추정	정치	미등록	없음	-	6	3	70세 이상	손	방송 3사 「출구조사」, MBC 추정 투표율을 슬로우뉴스가 선거인수로 환산해 계산	
c0451	연령대별 투표율	정치	미등록	없음	-	20	7	2022 (C)	출처없음		
c0454	21대 대선 지역별 득표 수	정치	미등록	없음	-	6	2	기타	손	최종 개표 결과	
c0455	지역별 선거인 수와 투표자 수	정치	미등록	없음	-	17	2	세종	손	중앙선거관리위원회	
c0456	21대 대선 연령대별 지지율 추정	정치	미등록	없음	-	6	2	70세 이상	손	방송 3사 「출구조사」, MBC 추정 투표율을 슬로우뉴스가 선거인수로 환산해 계산	
c0459	노무현 당선 때 20대의 역대 민주당 후보 지지율 추이	정치	미등록	없음	-	6	5	2025년(이재명)	손	방송 3사 「출구조사」, 왼쪽부터 20대 이하, 30대, 40대, 50대, 60대 이상	
c0464	박근혜 탄핵 표결 결과	정치	미등록	없음	-	2	9	표결	출처없음		
c0465	윤석열 탄핵 표결 결과	정치	미등록	없음	-	2	8	표결	출처없음		
c0466	19대 대통령 선거 득표율. (1)	정치	미등록	없음	-	5	2	심상정	출처없음		
c0467	비상계엄 이후 주요 표결 진행 상황	정치	미등록	없음	-	10	4	한덕수 탄핵 소추안	출처없음		
c0468	주요 표결 진행 상황	정치	미등록	없음	-	20	4	내란 특검법 2차	출처없음		
c0470	계엄군과 군인 투입 규모	정치	미등록	없음	-	4	2	뉴스공장	출처없음		
c0471	남에서 보낸 대북전단과 북에서 보낸 오물풍선 비교	정치	미등록	없음	-	8	2	12월	출처없음		
c0472	당원 수	정치	미등록	없음	-	17	2	제주	손	중앙선거관리위원회, 2024년	
c0473	유권자 중 당원 비중	정치	미등록	없음	-	17	2	제주	손	중앙선거관리위원회, 2024년	
c0474	역대 정부 장관 여성 비율	정치	미등록	없음	-	15	1	이재명	출처없음		
c0475	집권 1년 무렵 지지율	정치	미등록	없음	-	9	1	이재명	갤럽PDF	한국갤럽	
c0476	역대 국회 여성 비율	정치	미등록	없음	-	22	1	22	출처없음		
c0477	역대 정부 국회의원-장관 겸직 비율	정치	미등록	없음	-	6	1	이재명	손	이재명 정부는 아직 2명 인선 전	
c0478	역대 정부 장관 수	정치	미등록	없음	-	14	2	윤석열	출처없음		
c0485	거부권 행사 건수	정치	미등록	없음	-	9	1	이재명	출처없음		
c0486	기자회견 건수	정치	미등록	없음	-	8	1	이재명	손	이명박과 박근혜, 문재인은 YTN 기준으로 집계	
c0490	극우 성향 분포	정치	미등록	없음	-	6	2	70세 이상	손	한국리서치. 95%신뢰수준에서 각 조사별 최대허용 표집오차는 ±3.1%p	
c0493	이란 레알-달러화 환율	세계 경제	미등록	없음	-	444	1	03-20	출처없음		
c0498	호르무즈 해협을 통과하는 선박 수	세계 경제	미등록	없음	-	46	2	04-01	손	S&P글로벌, 단위 척.	
c0499	호르무즈 해협을 통과한 선박 수	세계 경제	미등록	없음	-	110	1	04-20	IMF	IMF 포트워치	
c0501	미국-이란 전쟁 전후 국제 유가 추이	세계 경제	미등록	없음	-	185	1	09/15	손	WTI유 기준	https://www.investing.com/commodities/crude-oil-historical-data
c0504	한미 관세 협상에 따른 수출 금액 변화	세계 경제	미등록	없음	-	5	1	한국 정부가 미국에 투자해야 할 금액	출처없음		
c0505	트럼프 지지율	세계 경제	미등록	없음	-	3	4	민주당 지지자	손	퓨리서치센터	
c0506	한국과 일본의 투자 금액 비교	세계 경제	미등록	없음	-	3	2	외환보유액 대비	출처없음		
c0513	미국의 군사 개입 찬성 여론	세계 경제	미등록	없음	-	10	1	이란 전쟁(2026)	손	뉴욕타임스	
c0522	시간당 노동생산성	세계 경제	미등록	없음	-	38	1	Colombia	출처없음		
c0533	금 보유량	세계 경제	미등록	없음	-	68	1	Ireland	출처없음		
c0534	국부펀드 300	세계 경제	미등록	없음	-	300	1	Nauru_Nauru	출처없음		
c0536	9조+5조 달러	세계 경제	미등록	없음	-	100	2	Nauru_Nauru	출처없음		
c0538	구리 수출	세계 경제	미등록	없음	-	30	1	Morocco	손	2023년 기준	https://wits.worldbank.org/trade/comtrade/en/country/ALL/year/2023/tradeflow/Imports/partn
c0539	구리 수입	세계 경제	미등록	없음	-	30	1	Portugal	손	2023년 기준	https://wits.worldbank.org/trade/comtrade/en/country/ALL/year/2023/tradeflow/Imports/partn
c0541	전함 보유 대수	세계 경제	미등록	없음	-	20	1	호주	출처없음		
c0542	중국이 돈 빌려준 나라들	세계 경제	미등록	없음	-	95	1	Dominican Republic	손	2024년 기준	
c0544	포트폴리오 비교	세계 경제	미등록	없음	-	3	3	최고의 해	출처없음		
c0545	미국의 최저임금	세계 경제	미등록	없음	-	34	1	GU	손	미국 노동부, 2025년 1월 기준	
c0547	정부를 신뢰하십니까	세계 경제	미등록	없음	-	31	4	OECD평균	OECD	OECD 2024년 조사	
c0550	재정자립도	지역	미등록	없음	-	18	1	제주특별자치도	출처없음		
c0551	서울 자치구별 종합부동산세 현황	지역	미등록	없음	-	3	2	2022년	출처없음		
c0552	서울 지역 인구 연령 분포	지역	미등록	없음	-	21	3	100세 이상	출처없음		
c0556	경기 지역 인구 연령 분포	지역	미등록	없음	-	21	3	100세 이상	출처없음		
c0557	서울과 경기 연령 분포 비교	지역	미등록	없음	-	21	2	100세 이상	출처없음		
c0561	19~34세 청년 이동 비율	지역	미등록	없음	-	8	2	합계	손	2020년 「인구주택총조사」	
c0572	1인당 GRDP	지역	미등록	없음	-	18	1	제주	출처없음		
c0573	1990년 출생아 남녀 성비	지역	미등록	없음	-	16	3	제주	출처없음		
c0576	인구밀도	지역	미등록	없음	-	18	1	제주	출처없음		
c0577	싱크홀 발생 건수	지역	미등록	없음	-	17	1	제주	KOSIS	2014~2023년, 국토교통부	
c0578	합계출산율	지역	미등록	없음	-	18	1	제주	KOSIS	국가데이터처. 2024년	
c0579	합계출산율과 여성의 경제활동 참가율	지역	미등록	없음	-	18	2	제주	KOSIS	국가데이터처. 2024년	
c0580	무주택 가구 비율	지역	미등록	없음	-	18	2	제주	KOSIS	국가데이터처	
c0581	남녀 고용율	지역	미등록	없음	-	18	2	제주	KOSIS	국가데이터처 「경제활동인구조사」, 2024년	
c0582	남녀 경제활동참가율	지역	미등록	없음	-	18	2	제주	KOSIS	국가데이터처 「경제활동인구조사」, 2024년	
c0601	합계 출산율과 인구밀도	지역	미등록	없음	-	18	2	강원	KOSIS	국가데이터처. 2024년	
c0606	경제활동 참가율	지역	미등록	없음	-	17	2	제주도	출처없음		
c0607	15~64세 고용률	지역	미등록	없음	-	17	2	제주도	출처없음		
c0608	30~39세 고용률	지역	미등록	없음	-	18	2	제주특별자치도	출처없음		
c0609	40~49세 고용률	지역	미등록	없음	-	18	2	제주특별자치도	출처없음		
c0610	부산과 거제 지역 남녀 고용률 비교	지역	미등록	없음	-	17	2	거제시	출처없음		
c0612	부산지역 연령대별 전입 전출 인구	지역	미등록	없음	-	17	2	80세이상	손	1995~2023년 누적	
c0613	부산지역 연령대별 누적 전출 인구	지역	미등록	없음	-	17	2	80세이상	손	1995~2023년 누적	
c0614	부산지역 연령대별 누적 전입 인구	지역	미등록	없음	-	17	2	80세이상	손	1995~2023년 누적	
c0615	부산지역 연령대별 순유출 인구	지역	미등록	없음	-	17	2	80세이상	손	1995~2023년 누적	
c0616	상장기업수	지역	미등록	없음	-	22	1	싱가포르	KRX	KRX, 2024년 7월 기준	
c0617	남녀 고용률	지역	미등록	없음	-	18	2	전국	KOSIS	국가데이터처, 2022년 기준	
c0618	15~64세 남녀 고용률	지역	미등록	없음	-	18	2	전국	KOSIS	국가데이터처, 2022년 기준	
c0619	20~29세 여성 고용률	지역	미등록	없음	-	18	1	전국	KOSIS	국가데이터처, 2023년 기준	
c0620	조혼인율	지역	미등록	없음	-	18	1	전국	KOSIS	국가데이터처, 2024년 기준	
c0621	인구소멸지수	지역	미등록	없음	-	18	1	평균	손	한국고용정보원, 2023년 3월 주민등록인구 통계 기준	
c0622	지역별 출산율	지역	미등록	없음	-	18	1	평균	KOSIS	국가데이터처 인구 동향 조사, 2022년 기준	
c0623	1인당 지역내총생산	지역	미등록	없음	-	17	1	제주	KOSIS	국가데이터처 인구 동향 조사, 2023년 기준	
c0624	부산 구별 인구소멸지수	지역	미등록	없음	-	16	1	강서구	KOSIS	슬로우뉴스, 2024년 6월 행정안전부 주민등록인구 통계 기준	
c0625	인구소멸지수	지역	미등록	없음	-	18	1	좌2동	손	한국고용정보원, 2023년 3월 주민등록인구 통계 기준	
c0629	대구 동별 인구소멸지수	지역	미등록	없음	-	152	1	유천동	KOSIS	국가데이터처. 2024년 5월 말	
c0630	인구소멸지수	지역	미등록	없음	-	18	1	평균	손	2024년 주민등록인구 통계 기준	
c0631	지역별 성비 불균형	지역	미등록	없음	-	18	1	제주	손	한국보건사회연구원, 2021년 기준. ()	
c0632	15~39세 미혼 남녀 성비 불균형	지역	미등록	없음	-	18	1	제주	손	2020년 「인구주택총조사」. ()	
c0633	지역별 성비 불균형	지역	미등록	없음	-	14	1	경북	손	한국보건사회연구원, 2021년 기준. ()	
c0634	지역별 출산율	지역	미등록	없음	-	18	1	평균	KOSIS	국가데이터처 인구 동향 조사, 2023년 기준	
c0635	인구 유출입: 전남 고흥군	지역	미등록	없음	-	17	1	80세이상	손	2024년	
c0636	인구 유출입: 경북 성주군	지역	미등록	없음	-	17	1	80세이상	손	2024년	
c0637	인구 유출입: 인구 감소 지역 평균	지역	미등록	없음	-	17	1	80세 이상	손	2024년	
c0638	등록인구와 체류인구	지역	미등록	없음	-	7	2	경남 거창군	KOSIS	행정안전부, 2024년 기준	
c0647	지역 금고 금리 현황	금융	미등록	없음	-	243	1	경기 연천군	손	2025년 기준	
c0648	지방 정부 금고 이자율 비교	금융	미등록	없음	-	11	1	전북은행	KOSIS	행정안전부, 12개월 장기 금리 기준	
c0649	가상 자산 거래소 점유율	금융	미등록	없음	-	5	1	고팍스	출처없음		
c0652	한국 가상자산 거래소 점유율	금융	미등록	없음	-	5	1	고팍스	출처없음		
c0653	지방 정부 금고 계약 현황	금융	미등록	없음	-	11	1	기업은행	KOSIS	행정안전부, 12개월 장기 금리 기준	
c0654	지방 정부 금고 규모	금융	미등록	없음	-	12	1	제주은행	KOSIS	행정안전부, 12개월 장기 금리 기준	
c0655	지방 정부 금고 출연금 현황	금융	미등록	없음	-	12	1	제주은행	손	2024년 기준	
c0657	지방 정부 금고 이자율 분포	금융	미등록	없음	-	31	1	4.8	KOSIS	행정안전부, 12개월 장기 금리 기준	
c0676	4대 금융지주 이사 연봉과 직원 연봉	금융	미등록	없음	-	4	2	우리금융	출처없음		
c0682	한국 주식시장 투자 주체별 누적 순매수	주식	미등록	없음	-	345	3	06/05	KRX	KRX	
c0685	신용공여 잔고	주식	미등록	없음	-	382	1	07/28	손	금융투자협회	
c0687	코스피 지수	주식	미등록	없음	-	162	1	08/31	출처없음		
c0687	코스피 지수	주식	미등록	없음	-	61	9	임기 말	손	한국거래소 코스피 월말 종가, 취임 달부터 임기 60개월 (2000년 1월 이전은 기존 팩트북 계열), 단위: 지수	https://kosis.kr/statHtml/statHtml.do?orgId=343&tblId=DT_343_2010_S0027
c0690	윤석열 비상계엄과 탄핵, 이재명 정부 출범 이후 코스피 지수	주식	미등록	없음	-	299	1	022/25	출처없음		
c0691	이재명 정부 출범 이후 코스피 지수	주식	미등록	없음	-	165	1	02/02	출처없음		
c0703	국가별 배당 성향	주식	미등록	없음	-	16	1	한국	손	2014~2023년 중 국가별 MSCI 지수에 포함된 기업 기준 배당금/당기순이익 평균(미국은 S&P500 기준). 블룸버그 	
c0704	역대 대통령 코스피 등락률	주식	미등록	없음	-	9	1	이재명	손	이재명은 1월23일 기준	
c0705	중국 빅테크 시가총액	주식	미등록	없음	-	101	1	Shengyi Technology (SYTECH)	손	2026년 1월7일 기준	https://companiesmarketcap.com/
c0706	시가총액 순위	주식	미등록	없음	-	20	1	🇧🇷Brazil	손	2026년 4월29일 기준	https://companiesmarketcap.com/all-countries/
c0707	소득 대비 주택 가격 비율	부동산	미등록	없음	-	33	1	Korea	OECD	OECD	
c0710	주간 아파트 매매가격지수	부동산	미등록	없음	-	137	7	25.09.15	출처없음		
c0712	주간 아파트 매매가격지수	부동산	미등록	없음	-	914	25	Untitled 10	출처없음		
c0714	소득 대비 주택 가격 비율	부동산	미등록	없음	-	336	1	Cleveland, OH, United States	출처없음		
c0715	한국 서울	부동산	미등록	없음	-	335	1	Cleveland, OH, United States	출처없음		
c0717	대도시 주택 종류별 구성비	부동산	미등록	없음	-	9	4	서울	손	2023년 「인구주택총조사」	
c0721	민주당과 국민의힘 의원 부동산 보유 현황	부동산	미등록	없음	-	12	2	서울 마포구	손	보유 부동산 합계	
c0729	GDP 대비 부동산 시가총액	부동산	미등록	없음	-	12	1	멕시코	OECD	OECD, 2022년 기준	
c0730	부동산 가격이 1% 오를 때 소비 변화	부동산	미등록	없음	-	5	2	주식	손	현대경제연구원, 2013년	
c0744	LH 택지 개발과 매각 현황	부동산	미등록	없음	-	3	2	윤석열	출처없음		
c0747	아파트 매매와 전세 평균 가격	부동산	미등록	없음	-	24	2	전북	KB엑셀	2024년 12월 기준, KB부동산허브	
c0750	탄탄주택협동조합의 운영 구조	부동산	미등록	없음	-	7	8	5단계	출처없음		
c0751	아파트 평균가격 변동	부동산	미등록	없음	-	25	2	도봉구	손	토지+자유연구소	
c0754	GDP 대비 공공복지 지출	복지	미등록	없음	-	9	1	OECD 평균	OECD	OECD, 2023년 1월 자료. 2020년 기준	
c0755	GDP 대비 복지 지출 비중	복지	미등록	없음	-	42	1	Mexico	OECD	2021년 기준, OECD	
c0756	노인 가구 소득 구성	복지	미등록	없음	-	2	4	2024년	KOSIS	보건복지부 노인 「실태조사」	
c0763	공공 부문 일자리 비중	복지	미등록	없음	-	50	1	Cameroon	손	인구 상위 50개 국가 대상, ILO, https://ilostat.ilo.org/topics/employment/	인구 상위 50개 국가 대상, ILO, 단위: %. https://ilostat.ilo.org/topics/employment/
c0764	국민연금 소득 대체율 비교	연금과 기금	미등록	없음	-	5	2	일본	OECD	OECD 2023년 자료	
c0777	자동 조정장치 도입 전후, 연금 수급 총액 변화	연금과 기금	미등록	없음	-	3	2	1989년생	손	공적연금강화국민행동 추산, A값 소득 기준으로 30세에 가입해서 30년 납입하는 경우. 20년 동안 받을 연금 총액. 각각 2	
c0781	BMI와 사망 위험률	건강과 보건	미등록	없음	-	18	1	35 이상	KOSIS	5년 이내 사망자 제외, 국민건강보험공단	
c0782	연명 의료 의향과 실제	건강과 보건	미등록	없음	-	2	1	연명 의료 실제 중단	ECOS	한국은행	
c0785	사망 원인	건강과 보건	미등록	없음	-	18	1	귀 및 유돌의 질환	KOSIS	2023년 국가데이터처 사망원인 통계	
c0786	중증 응급질환자 분포	건강과 보건	미등록	없음	-	5	1	심정지	KOSIS	보건복지부 통계연보. 2022년	
c0794	자살자 사망자의 경고 신호	자살	미등록	없음	-	20	3	자살이나 살인, 죽음에 대한 말을 자주 함	KOSIS	보건복지부	
c0795	자살 원인별 자살 현황	자살	미등록	없음	-	10	1	학대 또는 폭력 문제	손	경찰청 변사자 통계, 2023년 기준, 단위 명	
c0803	10만 명당 자살률	자살	미등록	없음	-	12	2	65세이상	출처없음		
c0813	자살 시도자와 자살자 수	자살	미등록	없음	-	8	2	80세이상	KOSIS	2023년 기준, 응급의료포털과 국가데이터처	
c0815	응급실 내원 자살 시도자 수	자살	미등록	없음	-	8	8	2023년	손	응급의료포털	
c0817	인구 10만 명당 자살률	자살	미등록	없음	-	38	1	Peru	OECD	OECD, Suicide rates. ()	https://data.oecd.org/healthstat/suicide-rates.htm
c0818	75~84세 인구 자살율	자살	미등록	없음	-	38	1	Iceland	OECD	OECD, Suicide rates. ()	https://data.oecd.org/healthstat/suicide-rates.htm
c0819	토론토의 경우: 안전 장벽 설치 전후 자살 건수 비교	자살	미등록	없음	-	2	4	장벽 설치 후	출처없음		
c0820	브리즈번의 경우: 안전 장벽 설치 전후 자살 건수 비교	자살	미등록	없음	-	2	4	장벽 설치 후	출처없음		
c0821	토론토의 경우: 안전 장벽 설치 전후 자살 건수 비교	자살	미등록	없음	-	2	3	장벽 설치 후	출처없음		
c0822	브리즈번의 경우: 안전 장벽 설치 전후 자살 건수 비교	자살	미등록	없음	-	2	3	장벽 설치 후	출처없음		
c0825	서울시 구별 자살률	자살	미등록	없음	-	25	1	서초구	KOSIS	국가데이터처 2023년 기준	
c0826	10만 명 당 자살률과 우울증 발병률	자살	미등록	없음	-	15	2	Czech Republic	OECD	OECD	
c0827	우울증 유병률	자살	미등록	없음	-	15	1	Czech Republic	OECD	OECD	
c0845	이민자 비율	외국인	미등록	없음	-	30	1	Slovak Republic	OECD	OECD	https://www.oecd.org/en/data/datasets/overview-data-on-migration-flows-and-migrant-populat
c0849	국제 원유 가격	소비와 물가	미등록	없음	-	1195	1	26	손	오피넷	
c0850	휘발유와 경유 소매 가격	소비와 물가	미등록	없음	-	226	2	0914	손	오피넷	https://www.opinet.co.kr/user/dopospdrg/dopOsPdrgSelect.do
c0853	서울 주요 먹자 골목 새벽 결제 건수	소비와 물가	미등록	없음	-	8	2	공덕시장 족발 골목	출처없음		
c0854	소득 수준별 사회적 고립감	소비와 물가	미등록	없음	-	7	1	600만 원 이상	손	한국행정연구원 「사회통합실태조사」	
c0856	역대 한국 정부의 비참도(Misery Ratio)	소비와 물가	미등록	없음	-	5	2	윤석열	출처없음		
c0858	역대 미국 정부의 비참도(Misery Ratio)	소비와 물가	미등록	없음	-	10	1	Joseph Biden	출처없음		http://www.miseryindex.us/indexbyPresident.aspx
c0875	빵값 비교	소비와 물가	미등록	없음	-	6	3	프랑스	출처없음		
c0876	음식점 및 주점업 사업체 수	소비와 물가	미등록	없음	-	22	1	기타 비알코올 음료업점	KOSIS	2022년 기준. 국가데이터처	
c0877	음식점 및 주점업 종사자 수	소비와 물가	미등록	없음	-	22	1	기타 비알코올 음료점업	KOSIS	2022년 기준. 국가데이터처	
c0878	음식점 및 주점업 매출액	소비와 물가	미등록	없음	-	22	1	기타 비알코올 음료점업	KOSIS	2022년 기준. 국가데이터처. (	
c0880	주류 출고량	소비와 물가	미등록	없음	-	13	1	주정	KOSIS	2024년 기준, 국세청	
c0881	소득 분위별 소득과 지출	소비와 물가	미등록	없음	-	10	3	5분위 지출	KOSIS	국가데이터처 「가계동향조사」, 2023년 3분기. ()	
c0890	일본 교토 벚꽃 개화 시기	기후와 에너지	미등록	없음	-	838	1	2026	손	아워월드인데이터	https://ourworldindata.org/grapher/date-of-the-peak-cherry-tree-blossom-in-kyoto
c0892	254년 동안 장마철 강수량 추이	기후와 에너지	미등록	없음	-	255	1	2025	손	기상청	
c0893	256년 동안 월별 강수량 추이	기후와 에너지	미등록	없음	-	1019	1	2025	손	기상청, 승정원 일기와 일성록 등 조선후기 측우 기록	
c0898	석탄 발전을 안보 자원으로 지정할 경우 설계 수명까지 보상해야 할 용량요금	기후와 에너지	미등록	없음	-	9	1	삼척블루파워	손	기후솔루션 추산	
c0906	산업화 이전 대비 지구 평균 온도 상승을 1.5도 이내로 제한하기 위한 한국의 탄소예산 총	기후와 에너지	미등록	없음	-	6	7	Untitled 4	출처없음		
c0907	한국의 온실가스 감축 목표	기후와 에너지	미등록	없음	-	11	2	국제감축	출처없음		
c0908	현대자동차 온실가스 배출량	기후와 에너지	미등록	없음	-	3	1	스코프 3	출처없음		
c0909	한국의 온실가스 감축 목표	기후와 에너지	미등록	없음	-	11	1	국제감축	출처없음		
c0922	6개 발전 공기업 발전량	기후와 에너지	미등록	없음	-	6	4	한국동서발전	출처없음		
c0929	2013~2023년 누적 한국의 온실가스 배출량 상위 50위 기업	기후와 에너지	미등록	없음	-	50	1	수도권매립지관리공사	손	온실가스 종합정보센터. https://www.gir.go.kr/home/main.do	온실가스 종합정보센터. 단위: 1만tCO2-eq 합계. https://www.gir.go.kr/home/main.do
c0931	태양광 시장 현황	기후와 에너지	미등록	없음	-	5	6	폴리콘	손	2021년 기주, IEA	
c0932	2035 NDC 부문별 감축 목표	기후와 에너지	미등록	없음	-	9	4	수소	출처없음		
c0939	이산화탄소 농도	기후와 에너지	미등록	없음	-	938	1	2025	손	NOAA Global Monitoring Laboratory	
c0941	원자력 발전소 수	기후와 에너지	미등록	없음	-	31	1	Slovenia	출처없음		
c0942	세계 탄소 불평등의 세 가지 지표	기후와 에너지	미등록	없음	-	3	3	자산 보유	손	기후불평등보고서 2023	
c0947	행정구역별 전력 생산과 소비량	기후와 에너지	미등록	없음	-	17	2	강원	손	한국전력공사, 2023년 기준	
c0952	수도권 생활 폐기물 처리 현황	기후와 에너지	미등록	없음	-	3	2	인천	출처없음		
c0953	LNG 발전이 전력요금을 결정하는 시간 비중	기후와 에너지	미등록	없음	-	5	1	한국	손	2026년 3월 기준, 엠버, 한국은 전력거래소	
c0957	탈탄소+재생 에너지 전환의 일자리 창출 효과	기후와 에너지	미등록	없음	-	4	2	NZE(2035)	손	기후솔루션	
c0981	유럽 도매 전력 요금 비교	기후와 에너지	미등록	없음	-	24	1	Portugal	손	2026년 4월 1일 기준, EMBER	
c0987	석탄 발전 용량	기후와 에너지	미등록	없음	-	60	1	Denmark	손	2024년 기준	
c0988	1인당 석탄 발전 사용량	기후와 에너지	미등록	없음	-	77	1	Algeria	손	2024년 기준	
c0992	산업용 전기요금	기후와 에너지	미등록	없음	-	9	1	이탈리아	OECD	OECD	
c0993	가정용 전기요금 비교	기후와 에너지	미등록	없음	-	24	1	한국	출처없음		
c0994	산업용 전기요금 비교	기후와 에너지	미등록	없음	-	21	1	멕시코	OECD	OECD, $/MWh	
c0997	석유 매장량	기후와 에너지	미등록	없음	-	15	1	알제리	손	2023년 기준	
c0998	전력 입찰량	기후와 에너지	미등록	없음	-	11	2	합계	출처없음		
c1006	계절 길이 변화	기후와 에너지	미등록	없음	-	4	2	겨울	손	기상청, 단위 일	
c1010	발전원별 입찰량과 거래량. (1)	기후와 에너지	미등록	없음	-	12	3	12	손	「전력통계정」보시스템	
c1019	1990~2020년, 상위 20개국 온실가스 배출량	기후와 에너지	미등록	없음	-	20	1	Poland	손	기후솔루션	
c1020	2011~2023년, 상위 10개 기업 온실가스 배출량	기후와 에너지	미등록	없음	-	10	1	포스코인터내셔널	손	기후솔루션	
c1021	5개 한국 전력 발전 자회사. 28%, 25억 톤	기후와 에너지	미등록	없음	-	11	1	기타	손	기후솔루션	
c1022	5개 한국 전력 발전 자회사. 25%, 25억 톤	기후와 에너지	미등록	없음	-	13	1	기타	손	2024년 기준	
c1024	잠재 성장률 전망	지속가능한 성장	미등록	없음	-	10	2	2045~2049	ECOS	한국은행	
c1025	요소별 성장 기여도	지속가능한 성장	미등록	없음	-	3	3	2041~2050	손	KDII	
c1028	GDP 대비 총부채	지속가능한 성장	미등록	없음	-	2	3	G20 평균	출처없음		
c1029	맞벌이 가구 현황	지속가능한 성장	미등록	없음	-	2	3	비맞벌이 가구	출처없음		
c1030	1인 가구 현황	지속가능한 성장	미등록	없음	-	2	2	여성 1인 가구	출처없음		
c1031	역대 대통령 코스피 등락률	지속가능한 성장	미등록	없음	-	9	2	이재명	출처없음		
c1032	역대 대통령 코스피 종가	지속가능한 성장	미등록	없음	-	9	1	이재명	손	이재명은 1월22일 기준	
c1033	역대 대통령 연평균 경제 성장률	지속가능한 성장	미등록	없음	-	10	1	윤석열	출처없음		
c1043	잠재 성장률 기여도	지속가능한 성장	미등록	없음	-	6	3	2024~2026	ECOS	한국은행	
c1046	주요 빅테크 기업 PER	지속가능한 성장	미등록	없음	-	10	1	SK하이닉스	손	6월1일 기준	
c1049	시가총액 상위 20개 국가	기업과 산업	미등록	없음	-	20	1	Brazil	손	2026년 5월6일 기준	
c1050	스타벅스 매장 수	기업과 산업	미등록	없음	-	89	1	Russian Federation	출처없음		
c1054	1조 달러 클럽	기업과 산업	미등록	없음	-	14	1	Micron Technology	손	2026년 5월28일 기준	
c1061	AI 서비스 월간 활성 이용자 수	기업과 산업	미등록	없음	-	5	1	제미나이	손	아이지에이웍스, 2026년 2월	
c1062	올해 예상 영업이익과 시가총액	기업과 산업	미등록	없음	-	11	2	TSMC	출처없음		
c1063	올해 예상 영업이익 톱 11	기업과 산업	미등록	없음	-	11	1	TSMC	출처없음		
c1064	2026년 예상 영업이익 톱 11	기업과 산업	미등록	없음	-	11	1	TSMC	출처없음		
c1065	2027년 예상 영업이익 톱 11	기업과 산업	미등록	없음	-	11	1	메타	출처없음		
c1066	온라인 쇼핑을 시작하는 경로	기업과 산업	미등록	없음	-	10	1	퍼플렉시티	손	2025년 10월, Bain Consumer Lab Holiday Survey	
c1067	CAPEX 투자 설비 추이 및 전망	기업과 산업	미등록	없음	-	9	10	2030E	출처없음		
c1072	현대자동차 생산과 판매 현황. (1)	기업과 산업	미등록	없음	-	2	3	판매	손	2025년 기준	
c1075	아틀라스 1만 대를 만들 경우 생산 단가	기업과 산업	미등록	없음	-	9	1	운영 비용	출처없음		
c1076	자동차 업체 시간당 인건비	기업과 산업	미등록	없음	-	7	1	아틀라스 3만대를 생산할 경우	손	삼성증권 분석	
c1077	아틀라스 1만 대를 만들 경우 생산 단가	기업과 산업	미등록	없음	-	9	1	운영 비용	출처없음		
c1088	삼성전자 주가	기업과 산업	미등록	없음	-	372	1	07-13	손	/ 삼성전자는 2018년 액면 분할 이전 주가는 환산해서 반영	
c1089	SK하이닉스 주가 추이	기업과 산업	미등록	없음	-	372	1	07-13	출처없음		
c1090	삼성전자 반도체 부문 영업이익 추이	기업과 산업	미등록	없음	-	19	3	3Q25	출처없음		
c1091	SK하이닉스 매출	기업과 산업	미등록	없음	-	46	1	2Q26	출처없음		
c1092	삼성전자 영업이익	기업과 산업	미등록	없음	-	47	1	3Q26	출처없음		
c1093	삼성전자 매출	기업과 산업	미등록	없음	-	47	1	3Q26	출처없음		
c1095	SK하이닉스 영업이익	기업과 산업	미등록	없음	-	46	1	2Q26	출처없음		
c1096	SK하이닉스 영업이익률	기업과 산업	미등록	없음	-	46	1	1Q26	출처없음		
c1097	삼성전자 반도체 부문 영업이익	기업과 산업	미등록	없음	-	46	1	2Q26	출처없음		
c1099	SK하이닉스와 삼성전자 반도체 부문 영업이익	기업과 산업	미등록	없음	-	45	2	1Q26	출처없음		
c1100	삼성전자 반도체 부문 매출과 영업이익	기업과 산업	미등록	없음	-	29	2	1Q25	손	2026년은 삼성증권 추정	
c1101	엔비디아 매출 추이와 전망	기업과 산업	미등록	없음	-	11	5	3Q26	출처없음		
c1103	삼성전자와 TSMC 매출액과 영업이익 비교	기업과 산업	미등록	없음	-	2	2	TSMC	출처없음		
c1106	삼성전자 영업이익	기업과 산업	미등록	없음	-	40	1	4Q25	출처없음		
c1107	삼성전자 매출과 영업이익	기업과 산업	미등록	없음	-	48	2	4Q26	출처없음		
c1108	삼성전자 영업이익률	기업과 산업	미등록	없음	-	48	1	4Q26	출처없음		
c1111	파운드리 시장 점유율	기업과 산업	미등록	없음	-	7	6	Q1 2024	출처없음		
c1115	엔비디아 칩 가격	기업과 산업	미등록	없음	-	5	2	블랙웰(GB200)	출처없음		
c1116	주요 이커머스 기업 인당 결제 추정액	기업과 산업	미등록	없음	-	7	1	테무	손	와이즈앱&신한투자증권. 2024년 1분기 월 평균	
c1119	GDP 대비 R&D 투자 비율	기업과 산업	미등록	없음	-	46	1	Costa Rica	손	2022년 기준으로 최근 데이터	https://www.statista.com/statistics/732269/worldwide-research-and-development-share-of-gdp
c1121	검색 시장 점유율	기업과 산업	미등록	없음	-	10	3	2024년	출처없음		
c1129	네이버 매출 추이	기업과 산업	미등록	없음	-	24	5	4Q25	KRX	/ KRX	
c1134	라면 3사 매출 분석	기업과 산업	미등록	없음	-	3	2	오뚜기	출처없음		
c1135	라면 3사 실적. (1)	기업과 산업	미등록	없음	-	3	2	오뚜기	손	/ 2024년	
c1142	2024년 주요 인디브랜드 화장품 매출	기업과 산업	미등록	없음	-	24	2	랩앤컴퍼니	출처없음		
c1144	네이버 웹툰 이용자 비중	기업과 산업	미등록	없음	-	3	2	기타	출처없음		
c1145	한국인이 가장 오래 사용하는 앱	기업과 산업	미등록	없음	-	11	5	2024년 4월	손	/ 와이즈앱리테일	
c1149	유제품 소비량	기업과 산업	미등록	없음	-	6	1	가공 치즈	출처없음		
c1157	SPC 3조 2교대. (개편 이전)	기업과 산업	미등록	없음	-	3	23	3조	출처없음		
c1158	SPC 3조 3교대. (개편 이후)	기업과 산업	미등록	없음	-	3	31	3조	출처없음		
c1159	SPC 3조 3교대 + 보완조. (개편 이후)	기업과 산업	미등록	없음	-	4	36	3조	출처없음		
c1160	SPC 4조 3교대. (개편 이후)	기업과 산업	미등록	없음	-	4	31	4조	출처없음		
c1165	소매 판매액	기업과 산업	미등록	없음	-	8	1	무점포 소매	KOSIS	국가데이터처 자료를 기초로 삼성증권 추정	
c1166	론스타 투자와 수익	기업과 산업	미등록	없음	-	2	6	회수	출처없음		
c1170	주요 AI 앱 이용자 수	기업과 산업	미등록	없음	-	10	1	딥시크	손	와이즈앱 리테일, 2025년 11월 기준	
c1174	한국의 병원 수	기업과 산업	미등록	없음	-	14	1	보건진료소	KOSIS	행정안전부, 2020년 기준	
c1175	한국의 병상 수	기업과 산업	미등록	없음	-	14	1	보건진료소	KOSIS	행정안전부, 2020년 기준	
c1176	한국의 병원 수와 병상 수	기업과 산업	미등록	없음	-	14	2	보건진료소	KOSIS	행정안전부, 2020년 기준	
c1179	철도 영업 비용	기업과 산업	미등록	없음	-	6	6	’24년	손	한국철도공사	
c1184	주요 빵집 실적	기업과 산업	미등록	없음	-	5	2	성심당	손	2024년 실적	
c1186	일반철도 유지보수위탁경비 현황	기업과 산업	미등록	없음	-	2	3	정산금액	출처없음		
c1187	코레일 주요 노선별 영업계수	기업과 산업	미등록	없음	-	11	1	경부선	출처없음		
c1192	주요 제과 브랜드 영업이익	기업과 산업	미등록	없음	-	3	1	성심당	출처없음		
c1200	화훼산업 수입 수출 통계	기업과 산업	미등록	없음	-	10	2	23	출처없음		
c1201	주요 완성차 업체 매출액와 영업이익	기업과 산업	미등록	없음	-	10	2	BMW	손	2023년 기준	
c1203	주요 완성차 업체 판매 대수	기업과 산업	미등록	없음	-	2	2	기아차	손	2024년 기준	
c1205	아이폰과 안드로이드폰 이용자 비교	기업과 산업	미등록	없음	-	7	2	Female	출처없음		https://explodingtopics.com/blog/iphone-android-users
c1210	월별 평균 최대전력	기업과 산업	미등록	없음	-	12	22	12월	손	「전력통계」시스템	
c1223	정치적 성향과 스마트폰 점유율	기업과 산업	미등록	없음	-	5	3	보수	출처없음		
c1227	20대 스마트폰 점유율과 정당 지지율. (1)	기업과 산업	미등록	없음	-	2	3	20대 이하 여성	갤럽PDF	갤럽, 2012-2023 스마트폰 사용률 & 브랜드. / 2022년 지방선거 출구 조사	
c1228	2025년 20대 스마트폰 점유율. (2)	기업과 산업	미등록	없음	-	4	4	30대 여성	손	2025년 대선 「출구조사」	
c1236	Share of Android vs iOS users worldwide as of June	기업과 산업	미등록	없음	-	4	2	베이비부머(1946~1964)	출처없음		
c1245	두산밥캣 지분을 보유한 신설 투자회사의 가치	재벌	미등록	없음	-	3	5	두산밥캣	출처없음		
c1246	바이오로직스가 보유(92.1%)한 바이오에피스 지분 가치	재벌	미등록	없음	-	3	5	제일모직	출처없음		
c1247	삼성바이오로직스가 평가한 삼성바이오에피스 기업 가치	재벌	미등록	없음	-	2	5	2015년	출처없음		
c1249	삼성물산+제일모직 기업 가치	재벌	미등록	없음	-	3	1	뉴 삼성물산	손	삼성	
c1252	인적분할과 물적 분할의 경우 LG에너지솔루션의 지분 구조 차이	재벌	미등록	없음	-	4	4	인적분할 이후 상장	출처없음		
c1253	분할 전후 LG화학과 LG에너지솔루션의 지분 가치. (2)	재벌	미등록	없음	-	2	4	LG에너지솔루션	출처없음		
c1254	인적 분할을 했다면, 현재 LG에너지솔루션의 지분 구조는? (2)	재벌	미등록	없음	-	2	4	LG에너지솔루션	출처없음		
c1255	두산밥캣과 두산로보틱스 시가총액 비교	재벌	미등록	없음	-	151	2	08/09	KRX	KRX	
c1256	제일모직과 삼성물산 시가총액 비교	재벌	미등록	없음	-	986	4	12/29	KRX	KRX	
c1257	통합 삼성물산 출범. 2015년 9월15일	재벌	미등록	없음	-	986	4	12/29	KRX	KRX	
c1258	합병 발표 한 달 전 제일모직과 삼성물산 시가총액 비교	재벌	미등록	없음	-	19	2	05/26	KRX	KRX	
c1264	두산밥캣과 두산로보틱스 시가총액 비교	재벌	미등록	없음	-	210	2	08/09	KRX	KRX	
c1267	핵탄두 보유량	TMI	미등록	없음	-	9	2	Israel	출처없음		https://www.sipri.org/media/press-release/2024/role-nuclear-weapons-grows-geopolitical-rel
c1268	서울시 제설제 사용 현황	TMI	미등록	없음	-	6	1	2024년 11월~ 2025년 3월	손	서울열린데이터광장	
c1269	맞춤법 표기 정확도	TMI	미등록	없음	-	16	1	옥수숫가루	출처없음		
c1270	군사력 순위	TMI	미등록	없음	-	50	1	Peru	손	2026년 기준, 만점은 0점	https://www.globalfirepower.com/countries-listing.php
c1271	주요 공연장 좌석 수	TMI	미등록	없음	-	7	1	KSPO돔(옛 올림픽 체조 경기장)	출처없음		
c1277	BHI 지수 비교	TMI	미등록	없음	-	13	1	Lager beer	출처없음		
c1280	로또 당첨자 수 분포	TMI	미등록	없음	-	32	1	63	출처없음		
c1281	로또 당첨 숫자 출현 빈도	TMI	미등록	없음	-	45	6	45	출처없음		
c1284	프로야구 누적 관중 현황	TMI	미등록	없음	-	12	1	쌍방울	출처없음		
c1300	형사사건 가운데 벌금형 건수	TMI	미등록	없음	-	3	2	즉결심판 사건	출처없음		
c1306	잠수함 보유 대수	TMI	미등록	없음	-	42	2	Venezuela	손	2025년 기준	https://worldpopulationreview.com/country-rankings/submarines-by-country
c1308	항공사별 1인당 운항횟수와 정비 대수	TMI	미등록	없음	-	12	2	에어프레미아	출처없음		
c1310	항공사별 대당 정비사 수	TMI	미등록	없음	-	7	2	이스타항공	출처없음		
c1311	정당의 주요 기부 기업에 대한 매체별 긍정 기사 비율	TMI	미등록	없음	-	2	2	월스트리트저널	출처없음		
c1312	성소수자 현황	TMI	미등록	없음	-	31	4	Peru	손	입소스	
c1313	유기동물 현황	TMI	미등록	없음	-	7	1	기증	손	포인핸드. 2022년 06월 01일 ~ 2024년 08월 26일	
c1314	연령대별 미디어 소비	TMI	미등록	없음	-	5	6	60대	출처없음		
c1315	연령대별 미디어 소비 시간	TMI	미등록	없음	-	5	6	60대	출처없음		
c1316	연령대별 미디어 소비 시간(이용자 표본)	TMI	미등록	없음	-	5	6	60대	출처없음		
c1317	검사 술값 계산 공식	TMI	미등록	없음	-	5	22	대법원의 판단	출처없음		
c1318	서울대 신입생 합격자 현황	TMI	미등록	없음	-	5	3	2024학년도	출처없음		
c1319	2025년 국회 보좌직원 연봉	TMI	미등록	없음	-	6	1	9급 비서관	출처없음		
c1320	구매상품 가격 차이에 따른 소득 분위별 누적 실효 물가 상승률	TMI	미등록	없음	-	4	2	2023년	손	각 년도별 4분기 대비	
c1321	명절 KTX 기차 표 판매	TMI	미등록	없음	-	4	4	빈자리	출처없음		
c1324	일본	TMI	미등록	없음	-	2	6	여성 기자 비율	손	국‧실‧본부장 기준	
c1333	The Richest Cities in the World	TMI	미등록	없음	-	50	1	Istanbul	손	CEO월드	
c1336	더빙 선호도	TMI	미등록	없음	-	9	1	중국	손	모닝컨설트	
c1337	상금 비교	TMI	미등록	없음	-	6	1	X프라이즈	출처없음		
c1338	한국자산관리공사 국유 부동산 매각 현황	TMI	미등록	없음	-	5	2	2025년 8월	출처없음		
c1339	프로야구 한국시리즈 우승 횟수	TMI	미등록	없음	-	11	2	키움 히어로즈	손	2025년 기준	
c1340	AI 수능 테스트 결과	TMI	미등록	없음	-	10	3	Llama-VARCO-8B-Instruct	출처없음		
c1348	미쉐린 스타 레스토랑의 운명	TMI	미등록	없음	-	2	2	미쉐린 스타를  받지 못한 식당	손	2000~2014년까지 뉴욕타임스 추천을 받은 식당 277곳을 2019년까지 추적 조사한 결과	
c1349	코레일 역별 승하차 인원	TMI	미등록	없음	-	10	1	울산역	손	코레일	
c1350	PISA 언어능력 점수	TMI	미등록	없음	-	5	4	55–65세	출처없음		
c1351	PISA 수리능력 점수	TMI	미등록	없음	-	5	4	55–65세	출처없음		
c1355	AI 업계 평균 연봉	TMI	미등록	없음	-	10	1	데이터 사이언티스트	손	넥스포드대	https://www.nexford.edu/insights/highest-paying-ai-jobs#conclusion
c1357	대통령과 농협중앙회장 연봉 비교	TMI	미등록	없음	-	2	1	농협중앙회장	출처없음		
c1365	72개 출판 그룹 2025년 매출	TMI	미등록	없음	-	72	1	이앤미래	손	대한출판문화협회, 「출판통계」	
c1367	국제선 공항 이용객 수	TMI	미등록	없음	-	20	1	DUBLIN, IRELAND (DUB)	손	ACI	
c1368	공항 이용객 수	TMI	미등록	없음	-	20	1	BANGKOK, THAILAND (BKK)	손	ACI	
c1369	화물 운송량	TMI	미등록	없음	-	20	1	CINCINNATI, USA (CVG)	손	ACI	
c1370	달걀 낙하 실험	TMI	미등록	없음	-	3	3	10mm	출처없음		
c1371	2026년 1월19일부터 2월2일까지 앤트로픽 공개 API를 통해 발생한 99만8481건의	TMI	미등록	없음	-	10	1	기타	손	앤트로픽, 악시오스	
c1372	구글코리아와 네이버 법인세 비교(2024년)	TMI	미등록	없음	-	3	2	법인세	손	구글코리아 매출과 법인세는 한국재무관리학회 추정, 나머지는 금융감독원 전자공시	
c1373	구글코리아와 네이버 법인세 비교(2023년)	TMI	미등록	없음	-	2	2	법인세	손	구글코리아 매출과 법인세는 한국재무관리학회 추정, 나머지는 금융감독원 전자공시	
c1374	구글과 넷플릭스, 페이스북의 실제 한국 매출과 신고 매출	TMI	미등록	없음	-	3	2	페이스북코리아	출처없음		
c1378	제주도와 일본 예상 여행비와 실제 여행비	TMI	미등록	없음	-	5	2	예상 여행비 평균	손	컨슈머인사이트. 2만6000명 온라인 패널 조사	
c1379	가계 및 비영리 단체 자산	TMI	미등록	없음	-	4	1	기타	손	단위 조 원	
c1381	뉴스를 회피하는 이유	미디어와 저널리즘	미등록	없음	-	8	2	뉴스를 따라가거나 이해하기 어렵다	손	로이터저널리즘연구소 디지털뉴스리포트 2022	
c1383	뉴스 회피 경험	미디어와 저널리즘	미등록	없음	-	9	2	50대	손	로이터저널리즘연구소 2022 디지털뉴스리포트	
c1385	이메일 뉴스레터에 지불 의사가 있습니까	미디어와 저널리즘	미등록	없음	-	10	1	60대 이상	손	로이터저널리즘연구소 2022 디지털뉴스리포트	
c1386	지난 1주일 동안 이용한 온라인 매체는?	미디어와 저널리즘	미등록	없음	-	16	1	매일경제	손	로이터 저널리즘 연구소, 디지털 뉴스 리포트 2025	
c1387	가장 선호하는 채널	미디어와 저널리즘	미등록	없음	-	44	11	4분기	갤럽PDF	한국갤럽	
c1388	지난 1주일 동안 이용한 오프라인 매체는?	미디어와 저널리즘	미등록	없음	-	16	1	한국경제	손	로이터 저널리즘 연구소, 디지털 뉴스 리포트 2025	
c1391	뉴스를 보는 일은 현명한 일이다	미디어와 저널리즘	미등록	없음	-	9	1	비수도권	손	한국언론진흥재단 2025 뉴스 선호도 조사. 5점 만점 척도	
c1392	뉴스는 내게 유용하다	미디어와 저널리즘	미등록	없음	-	9	1	비수도권	손	한국언론진흥재단 2025 뉴스 선호도 조사. 5점 만점 척도	
c1393	뉴스는 내게 가치가 있다	미디어와 저널리즘	미등록	없음	-	9	1	비수도권	손	한국언론진흥재단 2025 뉴스 선호도 조사. 5점 만점 척도	
c1394	뉴스는 내게 혜택을 준다	미디어와 저널리즘	미등록	없음	-	9	1	비수도권	손	한국언론진흥재단 2025 뉴스 선호도 조사. 5점 만점 척도	
c1395	뉴스를 보는 건 멋진 일이다	미디어와 저널리즘	미등록	없음	-	9	1	비수도권	손	한국언론진흥재단 2025 뉴스 선호도 조사. 5점 만점 척도	
c1396	뉴스를 보는 일은 즐거운 일이다	미디어와 저널리즘	미등록	없음	-	9	1	비수도권	손	한국언론진흥재단 2025 뉴스 선호도 조사. 5점 만점 척도	
c1397	뉴스를 보면 행복하다	미디어와 저널리즘	미등록	없음	-	9	1	비수도권	손	한국언론진흥재단 2025 뉴스 선호도 조사. 5점 만점 척도	
c1398	뉴스는 기분을 좋게 한다	미디어와 저널리즘	미등록	없음	-	9	1	비수도권	손	한국언론진흥재단 2025 뉴스 선호도 조사. 5점 만점 척도	
c1399	나는 나에게 유용한(useful) 콘텐츠를 좋아한다	미디어와 저널리즘	미등록	없음	-	9	1	비수도권	손	한국언론진흥재단 2025 뉴스 선호도 조사. 5점 만점 척도	
c1400	나는 나에게 가치있는(valuable) 콘텐츠를 좋아한다	미디어와 저널리즘	미등록	없음	-	9	1	비수도권	손	한국언론진흥재단 2025 뉴스 선호도 조사. 5점 만점 척도	
c1401	나는 나에게 중요한(important) 콘텐츠를 좋아한다	미디어와 저널리즘	미등록	없음	-	9	1	비수도권	손	한국언론진흥재단 2025 뉴스 선호도 조사. 5점 만점 척도	
c1402	나는 나에게 지루하지 않은(not boring) 콘텐츠를 좋아한다	미디어와 저널리즘	미등록	없음	-	9	1	비수도권	손	한국언론진흥재단 2025 뉴스 선호도 조사. 5점 만점 척도	
c1403	나는 나에게 흥미로운(exciting) 콘텐츠를 좋아한다	미디어와 저널리즘	미등록	없음	-	9	1	비수도권	손	한국언론진흥재단 2025 뉴스 선호도 조사. 5점 만점 척도	
c1404	뉴스를 가장 선호한다	미디어와 저널리즘	미등록	없음	-	9	1	비수도권	손	한국언론진흥재단 2025 뉴스 선호도 조사	
c1405	뉴스를 선호한다(3순위까지 집계)	미디어와 저널리즘	미등록	없음	-	9	1	비수도권	손	한국언론진흥재단 2025 뉴스 선호도 조사	
c1406	뉴스를 선호하지 않는다(1순위)	미디어와 저널리즘	미등록	없음	-	9	1	비수도권	손	한국언론진흥재단 2025 뉴스 선호도 조사	
c1407	뉴스를 선호하지 않는다(3순위까지 집계)	미디어와 저널리즘	미등록	없음	-	9	1	비수도권	손	한국언론진흥재단 2025 뉴스 선호도 조사	
c1408	수도권에 폭우가 내렸을 때	미디어와 저널리즘	미등록	없음	-	2	2	2024년  7월	출처없음		
c1409	뉴스 이용 경로	미디어와 저널리즘	미등록	없음	-	14	4	인도	손	로이터저널리즘연구소 디지털 저널리즘 리포트 2023	
c1416	여론집중도	미디어와 저널리즘	미등록	없음	-	4	6	인터넷 뉴스	손	언론진흥재단	
c1423	뉴스 브랜드의 신뢰도	미디어와 저널리즘	미등록	없음	-	14	3	중앙일보	손	로이터저널리즘연구소, 디지털 뉴스 리포트 2025	
c1430	금융감독원 전자공시, 2024년	미디어와 저널리즘	미등록	없음	-	9	1	한겨레	출처없음		
c1438	뉴스 사이트 직접 방문 비율	미디어와 저널리즘	미등록	없음	-	36	2	KOR	손	로이터저널리즘연구소 2017년 조사	
c1439	네이버와 카카오 2023년 매출 구조	미디어와 저널리즘	미등록	없음	-	2	4	카카오	출처없음		
c1441	2000만 뷰 이상 트윗의 분포	미디어와 저널리즘	미등록	없음	-	3	2	2024년 7~10월	출처없음		
c1443	AI 오버뷰 도입 전후 이용자 패턴 변화	미디어와 저널리즘	미등록	없음	-	5	2	다른 사이트로 이동	손	2025년 3월 기준, 퓨리서치센터	
c1445	채널 구독자 수와 톱 기사 조회 수 비교	미디어와 저널리즘	미등록	없음	-	4	2	경향신문	손	채널 구독자 수는 4월29일 기준	
c1446	다음 기사 배열과 인기 기사 비교	미디어와 저널리즘	미등록	없음	-	4	2	한겨레	출처없음		
c1448	‘많이 본 뉴스’의 기사 제목 비교	미디어와 저널리즘	미등록	없음	-	15	2	윤석열&압박	출처없음		
c1449	뉴스를 회피한 경험이 있다	미디어와 저널리즘	미등록	없음	-	2	1	May	출처없음		
c1450	뉴스 페이지뷰	미디어와 저널리즘	미등록	없음	-	4	3	2020년	손	김위근, 한국 언론과 포털 뉴스 서비스, 한국언론진흥재단, 2020년 11월30일. ()	
c1461	주요 신문사 발행부수 비교	미디어와 저널리즘	미등록	없음	-	14	1	한국일보	손	2019년 기준	
c1462	알파벳 매출 구조	미디어와 저널리즘	미등록	없음	-	6	1	기타	손	2024년 기준	
c1464	유료화가 가능한 언론은 몇 안 된다	미디어와 저널리즘	미등록	없음	-	15	1	Lee Enterprises (U.S.)	손	2023년 기준, Statista	
c1465	주요 언론사 월간 방문 수	미디어와 저널리즘	미등록	없음	-	26	1	TV조선	출처없음		
c1466	주요 커뮤니티 사이트 월간 방문 수	미디어와 저널리즘	미등록	없음	-	21	1	오늘의유머	출처없음		
c1467	구독이 아니라 후원	미디어와 저널리즘	미등록	없음	-	10	1	Mediatoday	손	2024년 기준, 슬로우뉴스 추산	
c1468	정부 광고	미디어와 저널리즘	미등록	없음	-	18	18	전자신문	출처없음		
c1469	4년5개월 동안 9535억9573만7017원. (2016년 1월~2019년 5월, 월 평균	미디어와 저널리즘	미등록	없음	-	14	2	한국일보	출처없음		
c1478	뉴욕타임스 구독자 현황	미디어와 저널리즘	미등록	없음	-	4	2	종이신문	손	뉴욕타임스	
c1488	정치 성향별 뉴스 전반에 대한 신뢰	미디어와 저널리즘	미등록	없음	-	7	3	매우 보수	손	로이터저널리즘연구소 2023 디지털 뉴스리포트	
c1489	윤석열 정부	미디어와 저널리즘	미등록	없음	-	5	14	야당 추천	출처없음		
c1493	주요 동영상 스트리밍 서비스 월간 활성 이용자 수	미디어와 저널리즘	미등록	없음	-	6	1	왓챠	손	솔루션 모바일인덱스, 2023년 3월	
c1494	메인 뉴스 시청자 수	미디어와 저널리즘	미등록	없음	-	7	1	JTBC	손	솔루션 모바일인덱스, 2023년 3월	
c1495	회피하는 뉴스 주제	미디어와 저널리즘	미등록	없음	-	16	2	과학기술	손	솔루션 모바일인덱스, 2023년 3월	
c1500	“유튜브로 뉴스 본다”는 비율	미디어와 저널리즘	미등록	없음	-	5	2	60대 이상	손	로이터저널리즘연구소. 2021년	
c1501	소셜 미디어 플랫폼 뉴스 이용 비율	미디어와 저널리즘	미등록	없음	-	7	2	왓츠앱	손	로이터저널리즘연구소	
c1502	언론을 신뢰하십니까	미디어와 저널리즘	미등록	없음	-	47	3	평균	손	로이터저널리즘연구소 2024 디지털뉴스리포트	
c1509	2025년 글로벌 자동차 판매량	수출과 무역	미등록	없음	-	11	1	테슬라	출처없음		
c1510	2025년 한국 자동차 판매량	수출과 무역	미등록	없음	-	30	1	롤스로이스	출처없음		
c1514	20대 인구와 20대 이하 일자리	노동	미등록	없음	-	2	3	2025년 4분기	KOSIS	국가데이터처	
c1515	중장기 인력 수급 전망. — Untitled 2	노동	미등록	없음	-	10	1	매장판매직	손	노동부, 2024년 대비 2034년 전망	
c1516	중장기 인력 수급 전망. — 23.1	노동	미등록	없음	-	9	1	과학전문가	손	노동부, 2024년 대비 2034년 전망	
c1529	소득 5분위 비교. — 자산	젠더와 격차	미등록	없음	-	5	1	소득 5분위	손	국가데이처터	
c1531	소득 5분위 순자산 비교. — 자산	젠더와 격차	미등록	없음	-	5	1	소득 5분위	손	국가데이처터	
c1532	소득 5분위 순자산 비교. — 2024	젠더와 격차	미등록	없음	-	5	1	소득 5분위	손	국가데이처터	
c1535	불평등 개선 효과	복지와 사회 안전망	미등록	없음	-	35	2	Slovak Republic	OECD	OECD	
c1536	불평등 개선 효과. — Gini (disposable income)	복지와 사회 안전망	미등록	없음	-	39	1	Slovak Republic	OECD	한국은 2024년, 다른 나라는 2022년 기준, OECD. 일부는 2021년과 2023년, 최신 년도 데이터	
c1560	국세와 지방세에서 부동산 관련 세금 비중. — 국세	조세와 재정	미등록	없음	-	3	1	기타	손	2022년 기준 「국세통계」	
c1567	경기도 지사 후보 선호도. — Untitled 1	정치	미등록	없음	-	10	1	원유철	손	(1월31일, 경기도민 1000명 대상, 휴대전화 전화 면접 조사, 95% 신뢰 수준에 ±3.1%포인트.)	
c1568	경기도 지사 후보 선호도. — 김동연	정치	미등록	없음	-	8	1	이준석	손	SBS-입소스 조사. (2월10~13일, 경기도민 802명 대상, 휴대전화 전화 면접 조사, 95% 신뢰 수준에 ±3.5%포인	
c1569	경기도 지사 후보 선호도. — Untitled 1	정치	미등록	없음	-	8	1	이준석	손	SBS-입소스 조사. (2월10~13일, 경기도민 802명 대상, 휴대전화 전화 면접 조사, 95% 신뢰 수준에 ±3.5%포인	
c1570	경기도 지사 후보 가상 대결. — 김동연	정치	미등록	없음	-	17	1	김은혜	손	「여론조사」꽃, 2월9일~11일, 경기도민 2032명 전화 면접 조사. 표본오차 ±2.2% 포인트	
c1572	뉴 이재명과 올드 이재명. — Untitled 1	정치	미등록	없음	-	7	1	기타	출처없음		
c1573	뉴 이재명과 올드 이재명	정치	미등록	없음	-	3	1	기타	손	2026년 1월1일, 한겨레-에스티아이 조사	
c1574	연령대별 민주당 후보 지지율. — 2002년(노무현)	정치	미등록	없음	-	5	1	60대	손	방송 3사 「출구조사」	
c1575	연령대별 민주당 후보 지지율. — 2012년(문재인)	정치	미등록	없음	-	5	1	60대	손	방송 3사 「출구조사」	
c1576	연령대별 민주당 후보 지지율. — 2022년(이재명)	정치	미등록	없음	-	5	1	60대	손	방송 3사 「출구조사」	
c1577	의원 1인당 간담회 개최 건수. — 2023년	정치	미등록	없음	-	3	1	민주당	손	21대 국회 기준, 경향신문	
c1578	의원 1인당 간담회 개최 건수. — 2024년(예상)	정치	미등록	없음	-	3	1	민주당	손	21대 국회 기준, 경향신문	
c1579	의원 1인당 정책 개발과 토론회 비용. — 2023년	정치	미등록	없음	-	3	1	민주당	손	경향신문	
c1580	의원 1인당 정책 개발과 토론회 비용. — 2024년(예상)	정치	미등록	없음	-	3	1	민주당	손	경향신문	
c1581	19대 대통령 선거 득표율. — April	정치	미등록	없음	-	2	1	탄핵 반대 후보	출처없음		
c1590	포천 500대 기업 중 국영 기업 비중. — 기업 수	세계 경제	미등록	없음	-	2	1	기타	손	Fortune, 2023년 기준	
c1591	포천 500대 기업 중 국영 기업 비중. — 자산	세계 경제	미등록	없음	-	2	1	기타	손	Fortune, 2023년 기준	
c1592	포천 500대 기업 중 국영 기업 비중. — 수익	세계 경제	미등록	없음	-	2	1	기타	손	Fortune, 2023년 기준	
c1597	1970년 부산. — 1970	지역	미등록	없음	-	17	1	80세이상	출처없음		
c1598	1970년 대구. — 1970	지역	미등록	없음	-	17	1	80세이상	출처없음		
c1602	한국 주요 가상자산 거래소 지분 구조. — 업비트	금융	미등록	없음	-	2	1	기타	손	금융감독원 전자공시, 2025년 3분기 기준	
c1607	김문수 득표율. — 김문수	부동산	미등록	없음	-	25	1	관악구	KB엑셀	중앙선거관리위원회와 KB부동산허브	
c1608	김문수 득표율. — 평당 매매가격	부동산	미등록	없음	-	25	1	관악구	KB엑셀	중앙선거관리위원회와 KB부동산허브	
c1609	이재명 득표율. — 이재명	부동산	미등록	없음	-	25	1	강남구	KB엑셀	중앙선거관리위원회와 KB부동산허브	
c1610	이재명 득표율. — 평당 매매가격	부동산	미등록	없음	-	25	1	강남구	KB엑셀	중앙선거관리위원회와 KB부동산허브	
c1616	온실가스 감축목표. — Untitled 1	기후와 에너지	미등록	없음	-	8	1	최종안	출처없음		
c1628	균등화 발전 비용(LCOE) 비교. — Untitled 2	기후와 에너지	미등록	없음	-	5	1	신규 원전	손	블룸버그NEF	
c1629	균등화 발전 비용(LCOE) 비교. — Untitled 1	기후와 에너지	미등록	없음	-	5	1	신규 원전	손	블룸버그NEF	
c1632	삼성전자 사업 부문별 영업이익. — 디스플레이	기업과 산업	미등록	없음	-	45	1	1Q26	출처없음		
c1633	삼성전자 사업 부문별 영업이익. — 반도체	기업과 산업	미등록	없음	-	46	1	2Q26	출처없음		
c1634	삼성전자 사업 부문별 영업이익. — 모바일	기업과 산업	미등록	없음	-	46	1	1Q26	출처없음		
c1635	삼성전자 사업 부문별 영업이익. — 가전	기업과 산업	미등록	없음	-	46	1	2Q26	출처없음		
c1640	미국 시가총액 상위 20개 종목. — 시가총액	기업과 산업	미등록	없음	-	20	1	Johnson & Johnson	손	2026년 1월25일 기준	
c1641	검색 시장 점유율. — 2024년	기업과 산업	미등록	없음	-	4	1	기타	출처없음		
c1642	검색 시장 점유율. — 2015년	기업과 산업	미등록	없음	-	4	1	기타	출처없음		
c1645	라면 3사 실적. — 해외 매출	기업과 산업	미등록	없음	-	3	2	오뚜기	손	/ 2024년	
c1650	첫 스마트폰으로 뭘 썼나요? — Region 1	기업과 산업	미등록	없음	-	2	1	아이폰	손	30세 이하 한국 「설문조사」. Source: Counterpoint Smartphone User Experience by O	
c1654	서울 버스 노선. — 노선 수	TMI	미등록	없음	-	6	1	심야	출처없음		
c1655	서울 버스 노선. — 운행 대수	TMI	미등록	없음	-	6	1	심야	출처없음		
c1680	0.2~0.5	지역	미등록	없음	-	5	1	저위험	손	한국의 읍면동 단위 인구 소멸 지수	
c1681	OECD와 비교한 연령대별 고용률	출산	미등록	없음	-	11	4	65+	출처없음		
c1695	사망자 장기 기증률	건강과 보건	미등록	없음	-	62	2	Bangladesh	출처없음		
c1696	산업재해 사망자	산업재해	미등록	없음	-	2	1	기타	KOSIS	고용노동부 산업재해 현황 분석. 2022년 기준	
c1697	주관적+소득기준	사회	미등록	없음	-	5	1	하층	출처없음		
c1698	주관적 기준	사회	미등록	없음	-	6	1	하하	출처없음		
c1699	2019년	조세와 재정	미등록	없음	-	15	6	방위세	출처없음		
c1700	2023년	조세와 재정	미등록	없음	-	15	6	방위세	출처없음		
c1701	취득세	조세와 재정	미등록	없음	-	5	5	기타	출처없음		
c1702	재산세	조세와 재정	미등록	없음	-	5	1	항공기	출처없음		
c1703	양도소득세. (결정소득 기준.)	조세와 재정	미등록	없음	-	5	5	기타	출처없음		
c1704	양도소득세. (결정세액 기준.)	조세와 재정	미등록	없음	-	3	1	파생상품	출처없음		
c1705	양도소득세. (결정소득 기준.)	조세와 재정	미등록	없음	-	5	5	기타자산	출처없음		
c1706	등록면허세	조세와 재정	미등록	없음	-	5	2	면허세	출처없음		
c1707	등록세	조세와 재정	미등록	없음	-	5	4	면허세	출처없음		
c1708	등록면허세	조세와 재정	미등록	없음	-	2	5	면허세	출처없음		
c1709	종합부동산세	조세와 재정	미등록	없음	-	4	1	법인 토지	출처없음		
c1710	조세	조세와 재정	미등록	없음	-	2	5	지방세	출처없음		
c1710	조세	조세와 재정	미등록	없음	-	4	5	지방세-기타	출처없음		
c1712	조세	조세와 재정	미등록	없음	-	2	5	기타	출처없음		
c1713	부동산 관련 세금	조세와 재정	미등록	없음	-	2	1	거래세	출처없음		
c1713	부동산 관련 세금	조세와 재정	미등록	없음	-	2	1	지방세	출처없음		
c1716	부동산 관련 세금	조세와 재정	미등록	없음	-	5	3	종합부동산세	손	「국세통계」와 나라지표. 2022년 기준	
c1719	조력 존엄사 이용 의향	건강과 보건	미등록	없음	-	3	1	"""더 알아보고 결정하겠다."""	손	한국일보	
c1720	취업자 수	외국인	미등록	없음	-	2	1	Untitled 1	손	조선일보, 김위상 의원실	
c1721	산재 사망자 수	외국인	미등록	없음	-	2	1	Untitled 1	손	조선일보, 김위상 의원실	
c1722	전체 에너지원	기후와 에너지	미등록	없음	-	6	1	기타	손	2024년 기준	
c1723	발전 에너지원	기후와 에너지	미등록	없음	-	5	1	기타	손	2024년 기준	
c1724	전기차 배터리 시장 점유율	기후와 에너지	미등록	없음	-	11	1	기타	손	2025년 누적 기준	
c1725	온실가스 배출량	기후와 에너지	미등록	없음	-	21	6	기타	출처없음		
c1726	이커머스 시장 점유율	기업과 산업	미등록	없음	-	10	1	기타	손	2022년 기준	
c1727	오픈마켓 시장 점유율	기업과 산업	미등록	없음	-	10	1	기타	손	2022년 기준	
c1728	한화 솔루션 지분	기업과 산업	미등록	없음	-	2	1	유상증자	출처없음		
c1729	자금 사용 계획	기업과 산업	미등록	없음	-	2	1	시설 자금	출처없음		
c1730	한국 화장품 수출	기업과 산업	미등록	없음	-	5	1	유럽	출처없음		
c1731	한국의 빵 시장	기업과 산업	미등록	없음	-	3	1	양산 빵	KOSIS	국가데이터처, 2022년 기준	
c1732	SR	기업과 산업	미등록	없음	-	2	1	코레일	출처없음		
c1733	파리바게뜨 가맹점의 수익구조	기업과 산업	미등록	없음	-	5	1	인건비+임대료+마진	손	파리바게뜨 가맹점 평균 매출, 7억5474만 원 기준	
c1734	세계 스마트폰 점유율. 단위 : 백만 대	기업과 산업	미등록	없음	-	6	1	기타	출처없음		
c1735	지분 구조	기업과 산업	미등록	없음	-	4	6	5개 금융기관	출처없음		
c1736	배당금	기업과 산업	미등록	없음	-	4	6	5개 금융기관	출처없음		
c1737	바이오에피스	재벌	미등록	없음	-	2	1	기타	출처없음		
c1738	바이오로직스	재벌	미등록	없음	-	2	1	기타	출처없음		
c1739	42년 누적 프로야구 관중	TMI	미등록	없음	-	12	1	쌍방울	KB엑셀	KBO. 1982~2024년	
c1740	한국 관광객수	TMI	미등록	없음	-	2	1	여성	출처없음		
c1742	한국	TMI	미등록	없음	-	2	6	여성 기자 비율	손	국‧실‧본부장 기준	
c1742	한국	TMI	미등록	없음	-	2	6	여성 관리자 비율	손	국‧실‧본부장 기준	
c1744	2024년 주요 신문사 매출	미디어와 저널리즘	미등록	없음	-	9	1	기타	출처없음		
c1745	신문 산업 매출 현황	미디어와 저널리즘	미등록	없음	-	20	1	기타 인터넷신문	손	금융감독원 전자공시와 한국언론진흥재단 신문산업 「실태조사」. 2023년 기준	
c1746	일반 광고	미디어와 저널리즘	미등록	없음	-	6	2	해외	손	한국언론진흥재단, 2024년 기준	
c1747	정부 광고	미디어와 저널리즘	미등록	없음	-	6	1	해외	손	한국언론진흥재단, 2024년 기준	
c1748	3분의 3 모델	미디어와 저널리즘	미등록	없음	-	3	1	사업	출처없음		
c1749	한국의 신문	미디어와 저널리즘	미등록	없음	-	3	1	B2C	출처없음		
c1750	광고	미디어와 저널리즘	미등록	없음	-	2	2	종이신문 광고	손	2024년 연간기준	
c1751	구독	미디어와 저널리즘	미등록	없음	-	2	1	종이신문 구독	손	2024년 연간기준	
c1754	MBC	미디어와 저널리즘	미등록	없음	-	2	1	정수장학회	출처없음		
c1761	유료방송 가입자 수	미디어와 저널리즘	미등록	없음	-	6	1	SK브로드밴드(SO)	손	과학기술정보통신부, 2023년 상반기	
c1762	KBS 매출 구조	미디어와 저널리즘	미등록	없음	-	7	6	일반부대사업수입	손	한국방송공사	
c1763	검색 점유율	미디어와 저널리즘	미등록	없음	-	4	1	기타	손	한국언론진흥재단 「여론집중도조사」위원회	
c1764	뉴스 소비 점유율	미디어와 저널리즘	미등록	없음	-	7	1	기타 131개 사이트	손	한국언론진흥재단 「여론집중도조사」위원회	
c1787	소고기	식량	미등록	없음	-	2	1	Untitled 2	출처없음		
c1788	돼지고기	식량	미등록	없음	-	2	1	Untitled 2	출처없음		
c1789	닭고기	식량	미등록	없음	-	2	1	Untitled 2	출처없음		
c1790	밀	식량	미등록	없음	-	2	1	Untitled 2	출처없음		
c1791	옥수수	식량	미등록	없음	-	2	1	Untitled 2	출처없음		
c1792	콩	식량	미등록	없음	-	2	1	Untitled 2	출처없음		
c1794	한동훈 체제	정치	미등록	없음	-	9	1	정점식	손	국민의힘 최고위원회의	
c1795	김기현 체제	정치	미등록	없음	-	9	1	유의동	손	국민의힘 최고위원회의	
c1796	장동혁 체제	정치	미등록	없음	-	9	1	정점식	손	국민의힘 최고위원회의	
c1797	정청래 체제	정치	미등록	없음	-	9	1	문정복	손	민주당 최고위원회의.	
c1798	이재명 체제	정치	미등록	없음	-	9	1	김병주	손	민주당 최고위원회의	
c1807	이재명 지지자 분포	정치	미등록	없음	-	3	3	2026년 1월	손	한겨레-에스티아이 조사	
c1856	로쏘	기업과 산업	미등록	없음	-	3	1	임영진	출처없음		
c1862	전체 연령대	기업과 산업	미등록	없음	-	6	6	기타	출처없음		https://www.bloomberg.com/company/press/79-of-gen-z-us-consumers-prefer-iphones-to-rivals-
c1863	18~24세	기업과 산업	미등록	없음	-	6	6	기타	출처없음		https://www.bloomberg.com/company/press/79-of-gen-z-us-consumers-prefer-iphones-to-rivals-
c1864	애플	기업과 산업	미등록	없음	-	2	6	남성	출처없음		https://www.flurry.com/blog/gen-z-and-millennials-prefer-apple-over-samsung/
c1865	삼성	기업과 산업	미등록	없음	-	2	6	남성	출처없음		https://www.flurry.com/blog/gen-z-and-millennials-prefer-apple-over-samsung/
c1896	한국의 신문 산업	미디어와 저널리즘	미등록	없음	-	4	1	인터넷 콘텐츠 판매	손	한국언론진흥재단 2023년 「신문산업실태조사」	
c1901	삼성전자 매출과 영업이익	기업과 산업	미등록	없음	-	48	2	4Q26	출처없음		
c1902	산재 사망률 비교	산업재해	미등록	없음	-	90	1	San Marino	손	ILO, 10만 명당 사망자수	
c1903	현대차+기아 철강 사용량. — Untitled 1	수출과 무역	미등록	없음	-	2	1	기후솔루션의 분석	출처없음		
c1904	현대차+기아 철강 사용량	수출과 무역	미등록	없음	-	2	2	현대차 공시	손	현대차 2025 지속가능성 보고서	
c1909	산업재해 사망자	산업재해	미등록	없음	-	6	1	50인 미만 기타업종	출처없음		
c1915	소득 원천별 분포. — 2025년	젠더와 격차	미등록	없음	-	5	1	사적이전소득	손	국가데이처터	
c1916	소득 원천별 분포. — 2017년	젠더와 격차	미등록	없음	-	5	1	사적이전소득	손	국가데이처터	
c1917	소득 5분위 비교. — 소득	젠더와 격차	미등록	없음	-	5	1	소득 5분위	손	국가데이처터	
c1919	국세청, 한겨레 기사. — 과세표준별 피상속인 수	조세와 재정	미등록	없음	-	5	1	30억 원 초과	출처없음		
c1920	국세청, 한겨레 기사. — 전체 상속세에서 차지하는비중	조세와 재정	미등록	없음	-	5	1	30억 원 초과	출처없음		
c1921	서울 자치구별 종합부동산세 현황. — 2022년	조세와 재정	미등록	없음	-	25	1	강북구	출처없음		
c1922	서울 자치구별 종합부동산세 현황. — 2017년	조세와 재정	미등록	없음	-	25	1	금천구	출처없음		
c1925	5가지 부동산 관련 세금. — 취득세	조세와 재정	미등록	없음	-	5	5	기타	손	「국세통계」와 나라지표. 2022년 기준	
c1926	5가지 부동산 관련 세금. — 재산세	조세와 재정	미등록	없음	-	5	1	항공기	손	「국세통계」와 나라지표. 2022년 기준	
c1927	5가지 부동산 관련 세금. — 종합부동산세	조세와 재정	미등록	없음	-	4	1	법인 토지	손	「국세통계」와 나라지표. 2022년 기준	
c1928	5가지 부동산 관련 세금. — 양도소득세	조세와 재정	미등록	없음	-	3	4	파생상품	손	「국세통계」와 나라지표. 2022년 기준	
c1929	5가지 부동산 관련 세금. — 등록면허세	조세와 재정	미등록	없음	-	5	4	면허세	손	「국세통계」와 나라지표. 2022년 기준	
c1930	OECD 평균과 비교한 GDP 대비 부동산 세금 비중. — 한국	조세와 재정	미등록	없음	-	2	1	보유세	OECD	2018년 기준 OECD	
c1931	OECD 평균과 비교한 GDP 대비 부동산 세금 비중. — OECD 평균	조세와 재정	미등록	없음	-	2	1	보유세	OECD	2018년 기준 OECD	
c1932	국세와 지방세에서 부동산 관련 세금 비중. — 지방세	조세와 재정	미등록	없음	-	3	2	기타	손	2022년 기준 「국세통계」	
c1933	1인1표제 민주당 중앙위원회 표결 결과. — 2월3일	정치	미등록	없음	-	3	1	불참	출처없음		
c1934	1인1표제 민주당 중앙위원회 표결 결과. — 12월8일	정치	미등록	없음	-	3	1	불참	출처없음		
c1935	강선우 체포동의안 표결 상황. — 의석수	정치	미등록	없음	-	3	1	기타	출처없음		
c1936	강선우 체포동의안 표결 상황. — 표결	정치	미등록	없음	-	4	1	불참	출처없음		
c1937	여론M 재선거과 보궐 선거 예측	정치	미등록	없음	-	8	3	제주 서귀포	손	MBC 여론M, 5월28일 기준, (데이터가 부족한 지역구는 빠졌습니다.)	
c1938	여론M 재선거와 보궐 선거 예측	정치	미등록	없음	-	8	3	제주 서귀포	손	MBC 여론M, 5월30일 기준, (데이터가 부족한 지역구는 빠졌습니다.)	
c1939	‘올드 이재명’과 ‘뉴 이재명’의 정치적 성향. — 올드 이재명	정치	미등록	없음	-	3	2	보수	손	2026년 1월1일, 한겨레-에스티아이 조사	
c1940	‘올드 이재명’과 ‘뉴 이재명’의 정치적 성향. — 뉴 이재명	정치	미등록	없음	-	3	2	보수	손	2026년 1월1일, 한겨레-에스티아이 조사	
c1941	‘올드 이재명’과 ‘뉴 이재명’의 지지 정당. — 뉴 이재명	정치	미등록	없음	-	6	2	기타	손	2026년 1월1일, 한겨레-에스티아이 조사	
c1942	‘올드 이재명’과 ‘뉴 이재명’의 지지 정당. — 올드 이재명	정치	미등록	없음	-	6	2	기타	손	2026년 1월1일, 한겨레-에스티아이 조사	
c1943	이재명 지지자 분포. — 2025년 5월	정치	미등록	없음	-	3	3	기타	손	한겨레-에스티아이 조사	
c1944	이재명 지지자 분포. — 2025년 9월	정치	미등록	없음	-	3	3	기타	손	한겨레-에스티아이 조사	
c1945	이재명 지지자 분포. — 2026년 1월	정치	미등록	없음	-	3	3	기타	손	한겨레-에스티아이 조사	
c1946	정치 지도자 선호도	정치	미등록	없음	-	37	12	5월	갤럽PDF	갤럽리포트	
c1947	정치 지도자 선호도	정치	미등록	없음	-	39	14	12월	갤럽PDF	갤럽리포트	
c1948	21대 대선 연령대별 지지율 추정. — 이재명	정치	미등록	없음	-	6	6	70세 이상	손	방송 3사 「출구조사」, MBC 추정 투표율을 슬로우뉴스가 선거인수로 환산해 계산	
c1949	21대 대선 연령대별 지지율 추정. — 김문수	정치	미등록	없음	-	6	6	70세 이상	손	방송 3사 「출구조사」, MBC 추정 투표율을 슬로우뉴스가 선거인수로 환산해 계산	
c1950	21대 대선 연령대별 지지율 추정. — 이준석	정치	미등록	없음	-	6	6	70세 이상	손	방송 3사 「출구조사」, MBC 추정 투표율을 슬로우뉴스가 선거인수로 환산해 계산	
c1951	21대 대선 지역별 지지율 추정. — 이재명	정치	미등록	없음	-	7	6	강원+제주	출처없음		
c1952	21대 대선 지역별 지지율 추정. — 김문수	정치	미등록	없음	-	7	6	강원+제주	출처없음		
c1953	역대 대통령 선거 득표율	정치	미등록	없음	-	8	5	2022년	출처없음		
c1954	역대 대통령 선거 득표율	정치	미등록	없음	-	9	4	2024년	출처없음		
c1957	노르웨이 국부펀드	세계 경제	미등록	없음	-	100	1	USA - MI_Michigan ORS	출처없음		
c1958	포천 500대 기업 중 국영 기업 비중. — 고용	세계 경제	미등록	없음	-	2	1	기타	손	Fortune, 2023년 기준	
c1959	카레라이스 소비자 가격와 원가 구성. — 2025년	세계 경제	미등록	없음	-	4	1	임대료+인건비+마진 등	손	株式会社帝国データバンクは, / 2025년은 3월 기준	
c1960	카레라이스 소비자 가격와 원가 구성. — 2023년	세계 경제	미등록	없음	-	4	1	임대료+인건비+마진 등	손	株式会社帝国データバンクは, / 2025년은 3월 기준	
c1962	전국 평균	지역	미등록	없음	-	21	6	100세이상	출처없음		
c1964	2026년 2월5일	금융	미등록	없음	-	10	1	IPO+유상증자	손	2023년 기준	2026년 2월5일. https://snapshot.bok.or.kr/dashboard/A5
c1965	한국 주요 가상자산 거래소 지분 구조. — 빗썸	금융	미등록	없음	-	2	1	기타	손	금융감독원 전자공시, 2025년 3분기 기준	
c1966	한국 주요 가상자산 거래소 지분 구조. — 코인원	금융	미등록	없음	-	2	2	기타	손	금융감독원 전자공시, 2025년 3분기 기준	
c1967	한국 주요 가상자산 거래소 지분 구조. — 코빗	금융	미등록	없음	-	2	2	기타	손	금융감독원 전자공시, 2025년 3분기 기준	
c1968	한국 주요 가상자산 거래소 지분 구조. — 고팍스	금융	미등록	없음	-	2	2	기타	손	금융감독원 전자공시, 2025년 3분기 기준	
c1969	주요 가상자산 거래소 지분 구조. — 한국	금융	미등록	없음	-	2	1	기타	손	금융감독원 전자공시, 2025년 3분기 기준	
c1970	주요 가상자산 거래소 지분 구조. — 바이낸스	금융	미등록	없음	-	2	1	기타	손	금융감독원 전자공시, 2025년 3분기 기준	
c1971	주요 가상자산 거래소 지분 구조. — 코인베이스	금융	미등록	없음	-	2	2	기타	손	금융감독원 전자공시, 2025년 3분기 기준	
c1972	시가총액 상위 20개 국가	주식	미등록	없음	-	20	1	United Arab Emirates	손	2026년 6월17일 기준	
c1975	생존자 장기 기증률	건강과 보건	미등록	없음	-	68	1	Bulgaria	출처없음		
c1977	역대 정부 누적 물가	소비와 물가	미등록	없음	-	60	5	퇴임	손	(	https://kosis.kr/statHtml/statHtml.do?orgId=101&tblId=DT_1J22003&conn_path=i3
c1978	1인당 이산화탄소 배출량	기후와 에너지	미등록	없음	-	231	1	Somalia	손	2023년 기준	
c1979	정산 단가. — 2025/11	기후와 에너지	미등록	없음	-	7	1	계통 한계가격	손	연료원별 정산 단가와 계통 한계가격(2025년 11월 기준)	
c1980	한국 온실가스 배출량. — 현대차의 주장	기후와 에너지	미등록	없음	-	6	1	기타	손	2024년 기준	
c1981	한국 온실가스 배출량. — 기후솔루션의 분석	기후와 에너지	미등록	없음	-	6	1	기타	손	2024년 기준	
c1983	시가총액 상위 50개 종목	기업과 산업	미등록	없음	-	50	1	GE Vernova	손	2026년 5월6일 기준	
c1986	시가총액 상위 50개 종목	기업과 산업	미등록	없음	-	50	1	Philip Morris International	손	2026년 5월1일 기준	
c1987	삼양식품과 농심 매출 분석. — 삼양식품	기업과 산업	미등록	없음	-	2	1	해외	출처없음		
c1988	삼양식품과 농심 매출 분석. — 농심	기업과 산업	미등록	없음	-	2	1	해외	출처없음		
c1989	고려아연 지분 구조. — 증자 이전	기업과 산업	미등록	없음	-	4	1	기타	출처없음		
c1990	고려아연 지분 구조. — 증자 이후	기업과 산업	미등록	없음	-	4	1	기타	출처없음		
c1991	고려아연 이사회 구조. — 현행	기업과 산업	미등록	없음	-	2	1	최윤범 등	출처없음		
c1992	고려아연 이사회 구조. — 집중투표제 효과	기업과 산업	미등록	없음	-	2	1	최윤범 등	출처없음		
c1993	고려아연 이사회 구조. — 증자 이후	기업과 산업	미등록	없음	-	2	1	최윤범 등	출처없음		
c1998	Digital Endpoint Tracker, Q1, 2022 / 451 Research	기업과 산업	미등록	없음	-	4	2	베이비부머(1946~1964)	출처없음		
c2000	스마트폰 점유율. — 글로벌	기업과 산업	미등록	없음	-	7	1	기타	출처없음		
c2001	스마트폰 점유율. — 한국	기업과 산업	미등록	없음	-	4	1	기타	출처없음		
c2002	스마트폰 점유율. — 미국	기업과 산업	미등록	없음	-	6	1	기타	출처없음		
c2003	홍익대 디자인혁신센터. — 갤럭시 이용자	기업과 산업	미등록	없음	-	6	1	기타	손	신문 선호도	
c2004	홍익대 디자인혁신센터. — 아이폰 이용자	기업과 산업	미등록	없음	-	6	1	기타	손	신문 선호도	
c2005	민간+공공으로 갈 수밖에 없었던 이유. — 민간+공공	기업과 산업	미등록	없음	-	2	6	공공	출처없음		
c2006	민간+공공으로 갈 수밖에 없었던 이유. — 100% 민간	기업과 산업	미등록	없음	-	2	6	공공	출처없음		
c2007	민간+공공으로 갈 수밖에 없었던 이유. — 100% 공공	기업과 산업	미등록	없음	-	2	6	공공	출처없음		
c2008	관광 수입 순위	TMI	미등록	없음	-	50	1	이스라엘	손	UN Tourism, 2023년 기준	
c2009	웹브라우저 점유율. — PC	미디어와 저널리즘	미등록	없음	-	7	1	기타	손	스탯카운터, 2025년 8월 기준 최근 1년 집계	
c2010	웹브라우저 점유율. — 모바일	미디어와 저널리즘	미등록	없음	-	7	1	기타	손	스탯카운터, 2025년 8월 기준 최근 1년 집계	
c2011	웹브라우저 점유율. — PC	미디어와 저널리즘	미등록	없음	-	7	1	기타	손	스탯카운터, 2025년 8월 기준 최근 1년 집계	
c2012	웹브라우저 점유율. — 모바일	미디어와 저널리즘	미등록	없음	-	7	1	기타	손	스탯카운터, 2025년 8월 기준 최근 1년 집계	
c2014	2020년 11월16일부터 2021년 4월24일까지 네이버와 다음의 ‘많이 본 기사’ 21	미디어와 저널리즘	미등록	없음	-	21	2	기타	출처없음		
c2015	2020년 11월16일부터 2021년 4월24일까지 네이버와 다음의 ‘많이 본 기사’ 21	미디어와 저널리즘	미등록	없음	-	21	2	기타	출처없음		
c2016	네이버 트래픽에서 뉴스가 차지하는 비율. — 2005	미디어와 저널리즘	미등록	없음	-	2	1	News	출처없음		
c2017	네이버 트래픽에서 뉴스가 차지하는 비율. — 2025	미디어와 저널리즘	미등록	없음	-	2	1	News	출처없음		
c2018	페이스북도 링크 노출을 줄였다. — 2021	미디어와 저널리즘	미등록	없음	-	2	1	News	출처없음		
c2019	페이스북도 링크 노출을 줄였다. — 2025	미디어와 저널리즘	미등록	없음	-	2	1	News	출처없음		
c2021	뉴욕타임스 종이신문과 디지털 현황. — 광고	미디어와 저널리즘	미등록	없음	-	2	2	종이신문 광고	손	2025년 연간기준	
c2022	뉴욕타임스 종이신문과 디지털 현황. — 구독	미디어와 저널리즘	미등록	없음	-	2	1	종이신문 구독	손	2025년 연간기준	
c2023	가장 즐겨 보는 뉴스는 어느 방송사의 뉴스입니까. — 진보	미디어와 저널리즘	미등록	없음	-	6	1	기타	갤럽PDF	갤럽리포트, 2024년 2분기 기준	
c2024	가장 즐겨 보는 뉴스는 어느 방송사의 뉴스입니까. — 중도	미디어와 저널리즘	미등록	없음	-	6	1	기타	갤럽PDF	갤럽리포트, 2024년 2분기 기준	
c2025	가장 즐겨 보는 뉴스는 어느 방송사의 뉴스입니까. — 보수	미디어와 저널리즘	미등록	없음	-	6	1	기타	갤럽PDF	갤럽리포트, 2024년 2분기 기준	
c2026	가장 즐겨 보는 뉴스는 어느 방송사의 뉴스입니까. — 진보	미디어와 저널리즘	미등록	없음	-	6	1	기타	갤럽PDF	갤럽리포트, 2025년 4분기 기준	
c2027	가장 즐겨 보는 뉴스는 어느 방송사의 뉴스입니까. — 중도	미디어와 저널리즘	미등록	없음	-	6	1	기타	갤럽PDF	갤럽리포트, 2025년 4분기 기준	
c2028	가장 즐겨 보는 뉴스는 어느 방송사의 뉴스입니까. — 보수	미디어와 저널리즘	미등록	없음	-	6	1	기타	갤럽PDF	갤럽리포트, 2025년 4분기 기준	
c2037	역대 정부 누적 물가 상승률	소비와 물가	미등록	없음	-	61	9	임기 말	KOSIS	국가데이터처 소비자물가지수(2020=100), 취임 달 대비 누적 상승률, 단위: %	https://kosis.kr/statHtml/statHtml.do?orgId=101&tblId=DT_1J22003
c2038	역대 정부 서울 아파트 가격 상승률	부동산	미등록	없음	-	61	9	임기 말	KOSIS	한국부동산원 월간 아파트 매매가격지수(1986~2012 구간은 2011.6=100 표를 연쇄 환산), 취임 달 대비 누적 상승	https://kosis.kr/statHtml/statHtml.do?orgId=408&tblId=DT_30404_B012
c2040	한국갤럽 대통령 지지율	정치	미등록	없음	-	51	2	9	갤럽PDF	단위: %. 한국갤럽.	
c2040	한국갤럽 대통령 지지율	정치	미등록	없음	-	52	2	10	갤럽PDF	한국갤럽, 단위: %	
c2045	남녀 고용률 코호트 비교. (1)	노동	미등록	없음	-	12	15	70~74	손	경제활동인구조사 1980~2025 · 5세 연령대 유사 코호트. 단위: %.	
c2052	현대차 누적 순매수 추이	수출과 무역	미등록	없음	-	116	3	06/24	손	단위: 조 원.	
c2055	전체 조세 대비 주요 세목 비중. — 한국	조세와 재정	미등록	없음	-	6	1	기타	OECD	2023년 기준, OECD.	
c2056	전체 조세 대비 주요 세목 비중. — OECD	조세와 재정	미등록	없음	-	6	1	기타	OECD	2023년 기준, OECD.	
c2059	GDP 대비 주요 세금 비중	조세와 재정	미등록	없음	-	5	2	소비세	OECD	2024년 기준 OECD, 단위: %.	
c2060	재산세 주요 항목, 전체 조세 대비 비율	조세와 재정	미등록	없음	-	3	2	상속증여세	OECD	2024년 기준 OECD, 단위: %.	
c2061	재산세 주요 항목, GDP 대비 비율	조세와 재정	미등록	없음	-	3	2	상속증여세	OECD	2024년 기준 OECD, 단위: %.	
c2062	전체 조세 대비 주요 세금 비중	조세와 재정	미등록	없음	-	5	2	소비세	OECD	2024년 기준 OECD, 단위: %.	
c2067	정청래 1기	정치	미등록	없음	-	9	9	김병주	손	민주당 최고위원회의	
c2068	정청래 2기	정치	미등록	없음	-	9	1	문정복	손	민주당 최고위원회의	
c2069	김민석 체제	정치	미등록	없음	-	9	1	(지명직.)	손	민주당 최고위원회의.	
c2070	민주당 당 대표 선거 결과	정치	미등록	없음	-	2	4	정청래	손	단위: 만 명.	
c2072	임기 반환점	정치	미등록	없음	-	259	2	31	리얼미터PDF	단위: %. 리얼미터..	
c2075	대통령 지지율과 코스피 지수	정치	미등록	없음	-	70	2	10	리얼미터PDF	단위: %. 리얼미터.	
c2076	이재명 국정 지지율 (2026년 8월10일)	정치	미등록	없음	-	13	3	전체	리얼미터PDF	리얼미터.	
c2077	이재명 국정 지지율 (2026년 8월)	정치	미등록	없음	-	13	3	전체	갤럽PDF	한국갤럽.	
c2078	연령대별 대통령 지지율	정치	미등록	없음	-	59	6	8월1주	리얼미터PDF	리얼미터.	
c2079	성별-연령대별 대통령 지지율	정치	미등록	없음	-	12	2	여성 70대 이상	갤럽PDF	갤럽리포트, 월간 평균.	
c2080	민주당 당 대표 경선 권리당원 투표 결과	정치	미등록	없음	-	16	3	제주	출처없음		
c2085	전쟁 발발	세계 경제	미등록	없음	-	270	1	09-27	손	포트워치, 단위 척.	
c2091	세계 희토류 시장	세계 경제	미등록	없음	-	5	10	제조	손	단위: %.	
c2103	코스피와 코스닥. — Untitled 1	주식	미등록	없음	-	150	1	08/12	출처없음		
c2104	SK하이닉스 단일 종목 레버리지 ETF 가격과 거래량	주식	미등록	없음	-	54	2	08/12	KRX	KRX, 단위: 조 원.	
c2106	사이드카와 주가 등락	주식	미등록	없음	-	158	3	08-26	손	단위: %.	
c2107	주요 AI 관련 기업 선행 PER	주식	미등록	없음	-	54	1	SK하이닉스	손	블룸버그+유진투자증권.	
c2108	주요 AI 관련 기업 후행 PER	주식	미등록	없음	-	53	1	SMCI	손	블룸버그+유진투자증권.	
c2109	아셴브레더 지분 매각	주식	미등록	없음	-	44	1	08-03	출처없음		
c2110	코스피 지수	주식	미등록	없음	-	397	1	08/19	출처없음		
c2111	대통령 지지율과 코스피 지수	주식	미등록	없음	-	64	2	8	리얼미터PDF	단위: %. 리얼미터.	
c2112	대통령 지지율과 삼성전자 주가	주식	미등록	없음	-	63	2	8	리얼미터PDF	단위: %. 리얼미터.	
c2113	코스피와 코스닥. — Untitled 1	주식	미등록	없음	-	150	1	08/12	출처없음		
c2116	그린벨트 지정과 해제 현황	부동산	미등록	없음	-	17	2	제주	KOSIS	국토교통부, 단위 : ㎢.	
c2120	주간 전세 수급 지수	부동산	미등록	없음	-	1159	5	26.06	출처없음		
c2126	삼성-SK 투자 계획. — 삼성 2655조 원	기후와 에너지	미등록	없음	-	4	1	서남권 데이터센터 등	손	단위: 조 원.	
c2127	삼성-SK 투자 계획. — SK 2100조 원	기후와 에너지	미등록	없음	-	4	1	서남권 반도체 클러스터	손	단위: 조 원.	
c2128	삼성 2655조 원. — Untitled 1	기후와 에너지	미등록	없음	-	4	1	서남권 데이터센터 등	손	단위: 조 원.	
c2129	메가 프로젝트 전력 예측=39.7GW	기후와 에너지	미등록	없음	-	3	4	AI 데이터센터	손	단위: GW.	
c2130	화석연료 메탄 발생량과 감축 가능한 규모	기후와 에너지	미등록	없음	-	3	1	순비용 없이 줄일 수 있는 양	손	IEA, 단위: 백만 톤.	
c2139	미이용 산림 바이오매스 증명 내역	기후와 에너지	미등록	없음	-	8	1	풍·수해·설해	손	산림청, 단위: 톤.	
c2142	11차 전력 수급 계획 설비 용량과 발전량 비중	기후와 에너지	미등록	없음	-	2	8	발전량	손	산업통상자원부, 단위: %	
c2145	인간과 AI가 작성한 콘텐츠 비율	기업과 산업	미등록	없음	-	25	2	2026-Q1	손	단위: %. Pangram과 Copyleaks, GPTZero 평균.	
c2146	부동산 가격	기업과 산업	미등록	없음	-	61	9	임기 말	출처없음		
c2147	역대 정부 부동산 가격	기업과 산업	미등록	없음	-	61	9	임기 말	출처없음		
c2151	주요 빅테크 기업 2분기 매출과 영업이익. — 매출	기업과 산업	미등록	없음	-	17	1	테슬라	손	단위: 10억 달러.	https://companiesmarketcap.com/nvidia/earnings/
c2152	주요 빅테크 기업 2분기 매출과 영업이익. — 영업이익	기업과 산업	미등록	없음	-	17	1	테슬라	손	단위: 10억 달러.	https://companiesmarketcap.com/nvidia/earnings/
c2155	사이드카와 주가 등락	기업과 산업	미등록	없음	-	153	3	08-19	손	단위: %.	
c2156	SK하이닉스 매출과 영업이익	기업과 산업	미등록	없음	-	46	2	2Q26	손	단위: 조 원.	
c2157	마이크론테크놀로지 매출과 영업이익	기업과 산업	미등록	없음	-	48	2	2026Q4	손	단위: 억 달러.	
c2158	마이크론테크놀로지 영업이익	기업과 산업	미등록	없음	-	48	1	2026Q4	손	단위: 억 달러.	
c2171	현대차 분기별 매출액와 영업이익	기업과 산업	미등록	없음	-	62	2	2026 2Q	손	2023년 기준, 단위: 10만 달러.	
c2177	중앙일보 계열사 차입 부채 현황	재벌	미등록	없음	-	12	1	휘닉스중앙제주	손	2025년 말 기준, 단위: 억 원.	
c2180	영화 HOPE 박스 오피스	TMI	미등록	없음	-	11	1	Rest of World	손	9월20일 기준, 단위: 만 달러.	
c2181	이재명 X 게시물 건수	TMI	미등록	없음	-	17	1	26-10	손	단위: 건.	
	취업자 분포	비정규직	미등록	연	정상	26	3	2025	KOSIS	국가데이터처 경제활동인구 조사, 단위: 만명.	
	한국 사망자 수	인구 구조	미등록	연	정상	148	2	2072	KOSIS	국가데이터처, 단위: 만 명. 2025년 이후는 장래인구 추계.	
	근로자 실질임금 추이	물가와 생활	미등록	연	정상	14	1	2024	KOSIS	단위: 천 원, 고용노동부.	
	사회 갈등 인식	사회	미등록	연	정상	12	8	2024	손	한국행정연구원, 단위: %.	
	GDP 대비 국가 채무 비율 전망. — GDP 대비 비율	조세와 재정	미등록	연	정상	69	1	2065	KOSIS	기획재정부. 2025년 이후는 예상	
	박한철(이명박 지명)	정치	미등록	연	정상	18	1	2027	출처없음		
	삼성전자+SK하이닉스 영업이익 추이와 전망	주식	미등록	연	정상	28	2	2027	손	단위: 조 원. 2026년과 2027년은 SK증권 전망.	
	한국의 자살률	자살	미등록	연	정상	41	8	2023	출처없음		
	재생 가능 에너지 비율	기후와 에너지	미등록	연	정상	35	8	2024	손	단위: MWh.	
	지역별 발전량	기후와 에너지	미등록	연	정상	23	17	2024	손	단위: MWh.	
	한국 에너지원별 발전 비중	기후와 에너지	미등록	연	정상	40	8	2024	손	단위: %.	
	재생 가능 에너지 비율	기후와 에너지	미등록	연	정상	35	8	2024	손	단위: MWh.	
	추가경정 예산	지속가능한 성장	미등록	연	정상	26	1	2025	KOSIS	기획재정부. 단위: 조 원.	
	수출과 무역수지	기업과 산업	미등록	연	정상	31	2	2025	손	산업통상자원부 수출 실적, 단위: 억 달러.	
	18~29세 아이폰과 갤럭시폰 점유율	기업과 산업	미등록	연	정상	12	2	2025	갤럽PDF	한국갤럽, 2012-2025 스마트폰 사용률 & 브랜드.	
	30대 아이폰과 갤럭시폰 점유율	기업과 산업	미등록	연	정상	12	2	2025	갤럽PDF	한국갤럽, 2012-2025 스마트폰 사용률 & 브랜드.	
	40대 아이폰과 갤럭시폰 점유율	기업과 산업	미등록	연	정상	12	2	2025	갤럽PDF	한국갤럽, 2012-2025 스마트폰 사용률 & 브랜드.	
	수학능력시험 지원자와 응시자	TMI	미등록	연	정상	34	2	2026	손	한국교육과정평가원, 단위: 만 명.	
	서울시 65세 이상 운전면허 비율	TMI	미등록	연	정상	7	2	2022	손	단위: 명.	
	포털 뉴스의 역사	미디어와 저널리즘	미등록	연	정상	27	1	2024	출처없음		
c0005	15~29세 취업자 분포	한눈에 보는 한국	미등록	연	정상	26	3	2025	KOSIS	국가데이터처 「경제활동인구조사」	
c0006	30~39세 취업자 분포	한눈에 보는 한국	미등록	연	정상	26	3	2025	KOSIS	국가데이터처 「경제활동인구조사」	
c0007	40~49세 취업자 분포	한눈에 보는 한국	미등록	연	정상	26	3	2025	KOSIS	국가데이터처 「경제활동인구조사」	
c0008	50~59세 취업자 분포	한눈에 보는 한국	미등록	연	정상	26	3	2025	KOSIS	국가데이터처 「경제활동인구조사」	
c0009	60세 이상 취업자 분포	한눈에 보는 한국	미등록	연	정상	26	3	2025	KOSIS	국가데이터처 「경제활동인구조사」	
c0010	남성 출생연도별 고용 현황	한눈에 보는 한국	미등록	연	정상	81	3	1930	손	「경제활동인구조사」 마이크로 데이터, 2025년 연간 평균	
c0011	여성 출생연도별 고용 현황	한눈에 보는 한국	미등록	연	정상	81	3	1930	손	「경제활동인구조사」 마이크로 데이터, 2025년 연간 평균	
c0013	취업자 분포	노동	미등록	연	정상	26	3	2025	KOSIS	국가데이터처 「경제활동인구조사」	
c0023	취업자 수(연도별)	노동	미등록	연	정상	63	5	2025	손	통겨청 「경제활동인구조사」	
c0024	취업자 분포	노동	미등록	연	정상	26	5	2025	KOSIS	국가데이터처 「경제활동인구조사」	
c0026	남녀 노동시간 격차	노동	미등록	연	정상	19	2	2024	손	노동부 근로 실태 조사	
c0027	남녀 시간당 임금 총액	노동	미등록	연	정상	19	2	2024	손	노동부 근로 실태 조사	
c0041	비정규직 비율과 36시간 취업자 비중	노동	미등록	연	정상	23	2	2025	KOSIS	국가데이터처 「경제활동인구조사」	
c0042	연령별 비정규직 비율	노동	미등록	연	정상	23	4	2025	KOSIS	국가데이터처, 「경제활동인구조사」	
c0045	연도별 취업자 수 증감	노동	미등록	연	정상	63	1	2026	KOSIS	국가데이터처	
c0060	임금 체불 현황	노동	미등록	연	정상	15	2	2025	KOSIS	고용노동부	
c0061	가장 오래 다닌 직장 근속 연수	노동	미등록	연	정상	21	2	2025	손	55~64세 기준, 「경제활동인구조사」 고령층 부가 조사	
c0062	가장 오래 다닌 직장에서 이직한 연령	노동	미등록	연	정상	21	2	2025	손	55~64세 기준, 「경제활동인구조사」 고령층 부가 조사	
c0065	성별 고용형태별 월별 임금 총액	비정규직	미등록	연	정상	19	4	2024	KOSIS	국가데이터처	
c0066	정규직과 비정규직 추이	비정규직	미등록	연	정상	23	4	2025	KOSIS	국가데이터처 「경제활동인구조사」	
c0067	정규직과 비정규직	비정규직	미등록	연	정상	23	2	2025	KOSIS	국가데이터처 「경제활동인구조사」	
c0068	비정규직 비율	비정규직	미등록	연	정상	23	2	2025	KOSIS	국가데이터처	
c0069	정규직과 비정규직 현황	비정규직	미등록	연	정상	23	3	2025	KOSIS	국가데이터처. 해마다 8월 기준	
c0070	정규직과 비정규직 추이	비정규직	미등록	연	정상	22	4	2024	KOSIS	국가데이터처 「경제활동인구조사」	
c0071	최저임금 인상률	최저임금	미등록	연	정상	27	1	2026	KOSIS	고용노동부	
c0072	최저임금 미만 근로자 수와 미만율	최저임금	미등록	연	정상	11	2	2024	KOSIS	고용노동부	
c0073	최저임금 영향 근로자 수	최저임금	미등록	연	정상	39	1	2026	KOSIS	고용노동부	
c0074	최저임금과 노동시간 격차	최저임금	미등록	연	정상	18	2	2024	손	파이터치연구원	
c0075	연도별 최저임금	최저임금	미등록	연	정상	39	1	2027	손	최저임금위원회	
c0076	연도별 최저임금과 평균 임금 비교	최저임금	미등록	연	정상	21	4	2024	손	최저임금위원회	
c0077	평균 임금 대비 최저임금	최저임금	미등록	연	정상	21	1	2024	손	최저임금위원회	
c0078	연도별 최저임금과 영향률	최저임금	미등록	연	정상	39	2	2027	손	최저임금위원회. 「경제활동부가조사」 기준	
c0079	최저임금 인상율과 소비자 물가 상승율	최저임금	미등록	연	정상	35	2	2027	KOSIS	고용노동부와 국가데이터처	
c0081	산재 사망자 수와 1만 명당 사망률	산업재해	미등록	연	정상	22	2	2024	출처없음		
c0083	산업재해 사망자 수	산업재해	미등록	연	정상	23	1	2025	KOSIS	고용노동부	
c0084	산업재해 사망률	산업재해	미등록	연	정상	22	1	2024	KOSIS	고용노동부	
c0085	업무상 질병 사망	산업재해	미등록	연	정상	23	25	2023	KOSIS	고용노동부	
c0093	연령대별 인구구조	인구 구조	미등록	연	정상	113	9	2072	KOSIS	국가데이터처	
c0096	남성 미혼자 비율. (1)	인구 구조	미등록	연	정상	5	3	2020	KOSIS	국가데이터처 2024 사회동향 조사	
c0098	한국의 인구	인구 구조	미등록	연	정상	148	4	2072	KOSIS	국가데이터처, 2025년 이후는 「장래인구추계」	
c0099	한국 출생아 수	인구 구조	미등록	연	정상	101	1	2025	KOSIS	국가데이터처, 단위: 만 명.	
c0101	한국 사망자 수	인구 구조	미등록	연	정상	148	2	2072	KOSIS	국가데이터처, 2025년 이후는 「장래인구추계」	
c0104	연령별 인구 구조	인구 구조	미등록	연	정상	113	3	2072	KOSIS	국가데이터처	
c0105	한국 경제활동인구와 비경제활동인구	인구 구조	미등록	연	정상	111	2	2070	KOSIS	국가데이터처	
c0107	65세 이상 인구 비중	인구 구조	미등록	연	정상	15	2	2025	KOSIS	국가데이터처	
c0108	65세 이상 의료비 비중	인구 구조	미등록	연	정상	14	2	2024	KOSIS	국가데이터처	
c0110	노년 부양비율	인구 구조	미등록	연	정상	23	1	2070	KOSIS	국가데이터처 「장래인구추계」(2017~2067	
c0111	65세 이상 인구 비율	인구 구조	미등록	연	정상	21	2	2050	출처없음		https://www.population-trends-asiapacific.org/data/KOR
c0112	노년 부양비	인구 구조	미등록	연	정상	87	1	2070	KOSIS	국가데이터처 「장래인구추계」	
c0114	가구원수별 가구(전국)	인구 구조	미등록	연	정상	10	3	2024	손	「인구주택총조사」	
c0115	가구원수별 가구(서울)	인구 구조	미등록	연	정상	10	3	2024	손	「인구주택총조사」	
c0122	합계출산률	출산	미등록	연	정상	66	1	2025	출처없음		
c0126	육아휴직 급여 신청자	출산	미등록	연	정상	25	2	2025	KOSIS	고용노동부	
c0127	육아휴직 이용 비율	출산	미등록	연	정상	15	2	2024	KOSIS	고용노동부	
c0129	50~54세 남녀 평균 근속 연수	출산	미등록	연	정상	32	2	2024	출처없음		
c0130	남녀 평균 근속 연수	출산	미등록	연	정상	32	2	2024	출처없음		
c0131	합계출산율 비교. (2)	출산	미등록	연	정상	63	54	2022	OECD	OECD	
c0132	출생율 비교	출산	미등록	연	정상	62	4	2021	출처없음		
c0137	출산 순위 비중	출산	미등록	연	정상	24	3	2023	출처없음		
c0139	월별 출생아 비율	출산	미등록	연	정상	45	12	2025	출처없음		
c0140	월별 혼인 건수 비율	출산	미등록	연	정상	43	12	2023	출처없음		
c0141	출생아 남녀 성비	출산	미등록	연	정상	72	2	2021	출처없음		
c0152	한국 GDP 성장률과 물가 상승률	물가와 생활	미등록	연	정상	40	2	2026	ECOS	한국은행	
c0156	경제 성장률과 실질임금 상승률	물가와 생활	미등록	연	정상	13	2	2024	출처없음		
c0158	근로자 실질임금 추이	최저임금	미등록	연	정상	14	1	2024	출처없음		
c0160	경상수지와 무역수지	수출과 무역	미등록	연	정상	34	2	2024	ECOS	한국은행	
c0167	수출과 무역수지	수출과 무역	미등록	연	정상	31	2	2025	손	산업통상자원부 수출 실적	
c0168	한국과 일본의 수출 실적	수출과 무역	미등록	연	정상	31	2	2025	출처없음		
c0169	한국과 일본의 경제 성장률	수출과 무역	미등록	연	정상	65	2	2025	출처없음		
c0170	한국과 일본의 수출	수출과 무역	미등록	연	정상	31	2	2025	출처없음		https://www.customs.go.jp/toukei/suii/html/nenbet_e.htm
c0171	일본의 수출과 수입	수출과 무역	미등록	연	정상	31	2	2025	출처없음		https://www.customs.go.jp/toukei/suii/html/nenbet_e.htm
c0172	한국의 수출과 수입	수출과 무역	미등록	연	정상	31	2	2025	출처없음		https://www.customs.go.jp/toukei/suii/html/nenbet_e.htm
c0173	일본의 수출과 수입	수출과 무역	미등록	연	정상	76	2	2025	출처없음		https://www.customs.go.jp/toukei/suii/html/nenbet_e.htm
c0174	무역수지	수출과 무역	미등록	연	정상	34	1	2024	ECOS	한국은행	
c0176	공시 대상 회사 임금 격차	젠더와 격차	미등록	연	정상	5	2	2024	손	금융감독원 전자공시 시스템	
c0177	연령대별 여성 고용률	젠더와 격차	미등록	연	정상	25	5	2024	KOSIS	국가데이터처	
c0178	연령대별 남성 고용률	젠더와 격차	미등록	연	정상	25	5	2024	KOSIS	국가데이터처	
c0179	30대 고용률 남녀 비교	젠더와 격차	미등록	연	정상	25	2	2024	KOSIS	국가데이터처	
c0181	세전-세후 지니계수	젠더와 격차	미등록	연	정상	19	4	2024	KOSIS	국가데이터처	
c0183	국가성평등지수	젠더와 격차	미등록	연	정상	14	2	2023	손	여성가족부	
c0184	성별 연도별 임금 격차	젠더와 격차	미등록	연	정상	9	2	2024	KOSIS	국가데이터처 「일자리행정통계」	
c0185	대기업 성별 연도별 임금 격차	젠더와 격차	미등록	연	정상	9	2	2024	KOSIS	국가데이터처 「일자리행정통계」	
c0186	중소기업 성별 연도별 임금 격차	젠더와 격차	미등록	연	정상	9	2	2024	KOSIS	국가데이터처 「일자리행정통계」	
c0189	대기업 성별 연도별 임금 격차	젠더와 격차	미등록	연	정상	8	2	2023	KOSIS	국가데이터처 「일자리행정통계」	
c0190	중소기업 성별 연도별 임금 격차	젠더와 격차	미등록	연	정상	8	2	2023	KOSIS	국가데이터처 「일자리행정통계」	
c0191	기업규모별 연도별 임금 격차	젠더와 격차	미등록	연	정상	9	2	2024	KOSIS	국가데이터처 「일자리행정통계」	
c0194	성별 학력 분포. (1)	젠더와 격차	미등록	연	정상	10	4	2020	출처없음		
c0195	성별 대졸자 분포	젠더와 격차	미등록	연	정상	10	2	2020	출처없음		
c0200	금융자산과 실물자산	젠더와 격차	미등록	연	정상	9	2	2025	KOSIS	고용노동부 근로실태 조사	
c0201	소득 5분위 배율	젠더와 격차	미등록	연	정상	14	2	2024	KOSIS	국가데이터처	
c0205	순자산 5분위 순자산 비교	젠더와 격차	미등록	연	정상	14	5	2025	손	국가데이처터	
c0207	소득 5분위 소득	젠더와 격차	미등록	연	정상	14	5	2024	출처없음		
c0211	소득 수준에 따른 아동의 삶의 만족도 추이	젠더와 격차	미등록	연	정상	3	2	2023	손	한국보건사회연구원, 10점 척도 평균 점수	
c0214	한국. 프랑스	젠더와 격차	미등록	연	정상	13	39	2022	OECD	OECD, 파란색 굵은 선이 한국	
c0215	노인 빈곤율	젠더와 격차	미등록	연	정상	48	45	2023	OECD	OECD, 파란색 굵은 선이 한국	
c0224	소득 상위 10분위 실효세율 추이	젠더와 격차	미등록	연	정상	12	10	2023	출처없음		
c0225	근로소득 10분위 소득 분포	젠더와 격차	미등록	연	정상	12	4	2023	출처없음		
c0226	근로소득 10분위 세액 분포	젠더와 격차	미등록	연	정상	12	4	2023	출처없음		
c0227	소득 10분위 소득 분포	젠더와 격차	미등록	연	정상	12	10	2023	출처없음		
c0228	소득 10분위 세액 분포	젠더와 격차	미등록	연	정상	12	10	2023	출처없음		
c0232	우울감 경험률	복지와 사회 안전망	미등록	연	정상	13	2	2023	손	질병관리청 「국민건강영양조사」	
c0235	GDP 대비 복지 지출 비중	복지와 사회 안전망	미등록	연	정상	45	42	2024	OECD	OECD, 파란색 굵은 선이 한국	
c0237	기대수명과 건강수명	복지와 사회 안전망	미등록	연	정상	7	2	2020	KOSIS	국가데이터처	
c0239	한국인의 기대수명과 OECD 평균	복지와 사회 안전망	미등록	연	정상	64	2	2023	OECD	OECD	
c0240	한국인의 기대수명	복지와 사회 안전망	미등록	연	정상	55	2	2024	KOSIS	국가데이터처	
c0243	건강보험료-건강보험 지출 추이	복지와 사회 안전망	미등록	연	정상	26	1	2023	KOSIS	국가데이터처	
c0245	한국의 해외 입양아 수	사회	미등록	연	정상	56	1	2024	손	국제입양에 있어서 아동권리의 국제법적 보호	
c0248	사회 갈등 인식	사회	미등록	연	정상	12	8	2024	손	한국행정연구원	
c0250	사회 이동 가능성 인식	사회	미등록	연	정상	10	2	2025	KOSIS	국가데이터처 「사회조사」	
c0252	교통혼잡 비용	사회	미등록	연	정상	29	2	2022	출처없음		
c0258	수학능력시험 지원자와 응시자	사회	미등록	연	정상	34	2	2026	손	한국교육과정평가원	
c0259	연령대별 월간 음주율	사회	미등록	연	정상	18	6	2024	손	질병관리청	
c0261	지역화폐 발행 규모	사회	미등록	연	정상	6	2	2024	출처없음		
c0262	연도별 노숙인 등의 규모 변화	사회	미등록	연	정상	15	5	2022	KOSIS	국가데이터처	
c0264	수도권 매립지 매립량	사회	미등록	연	정상	32	1	2024	손	서울시	
c0270	주택분 종합부동산세 과세 현황	조세와 재정	미등록	연	정상	21	2	2025	출처없음		
c0271	국민부담률	조세와 재정	미등록	연	정상	60	41	2024	OECD	OECD	
c0272	조세부담률과 국민부담률	조세와 재정	미등록	연	정상	35	2	2024	OECD	OECD	
c0273	세수 총계와 체납 금액	조세와 재정	미등록	연	정상	5	2	2024	출처없음		
c0275	중앙정부 통합재정	조세와 재정	미등록	연	정상	58	2	2027	KOSIS	국가데이터처	
c0277	국세 수입과 전망	조세와 재정	미등록	연	정상	38	2	2027	KOSIS	국세청	
c0278	조세부담률	조세와 재정	미등록	연	정상	36	1	2025	손	재정경제부, 단위: %.	
c0278	조세부담률	조세와 재정	미등록	연	정상	37	2	2026	ECOS	한국은행과 나라살림연구소, 2025년 이후는 추산	
c0281	추가경정 예산	조세와 재정	미등록	연	정상	26	1	2025	KOSIS	기획재정부	
c0283	국세 수입	조세와 재정	미등록	연	정상	21	2	2024	KOSIS	국세청	
c0284	통합재정수지와 관리재정수지	조세와 재정	미등록	연	정상	57	2	2025	KOSIS	국세청	
c0285	국세 수입 오차액(실적-예산)	조세와 재정	미등록	연	정상	22	2	2025	KOSIS	국세청	
c0286	GDP 대비 국가채무 비율	조세와 재정	미등록	연	정상	31	1	2027	KOSIS	기획재정부	
c0288	국채 발행 규모	조세와 재정	미등록	연	정상	21	1	2024	ECOS	한국은행	
c0290	국가채무와 GDP 대비 비율 전망. (1)	조세와 재정	미등록	연	정상	69	2	2065	KOSIS	기획재정부. 2025년 이후는 예상	
c0291	GDP 대비 국가채무 비율	조세와 재정	미등록	연	정상	30	1	2026	KOSIS	기획재정부	
c0293	국방비 지출	조세와 재정	미등록	연	정상	26	2	2025	KOSIS	국방부와 기획재정부	
c0298	법인세 현황	조세와 재정	미등록	연	정상	46	1	2026	출처없음		
c0299	국세 징수 현황	조세와 재정	미등록	연	정상	36	1	2025	KOSIS	국세청	
c0300	정부 총지출	조세와 재정	미등록	연	정상	23	1	2027	KOSIS	국세청	
c0302	법인세 징수 현황	조세와 재정	미등록	연	정상	31	1	2025	KOSIS	국세청	
c0303	세법 개정에 따른 세수 효과	조세와 재정	미등록	연	정상	13	2	2025	손	누적법 기준, 나라살림연구소	
c0306	법인세와 근로소득세 추이	조세와 재정	미등록	연	정상	31	2	2025	KOSIS	국세청	
c0308	상속세 징수 현황	조세와 재정	미등록	연	정상	29	2	2025	KOSIS	국세청, 단위: 명, 억 원.	
c0309	상속+증여세 징수 현황	조세와 재정	미등록	연	정상	27	4	2023	출처없음		
c0312	피상속인 수와 총결정세액	조세와 재정	미등록	연	정상	27	2	2023	KOSIS	국가데이터처	
c0318	종부세 결정 세액 비중	조세와 재정	미등록	연	정상	5	4	2022	출처없음		
c0327	국세와 지방세	조세와 재정	미등록	연	정상	56	3	2025	출처없음		
c0328	지방세 비율	조세와 재정	미등록	연	정상	32	1	2025	출처없음		
c0329	국세와 지방세	조세와 재정	미등록	연	정상	54	2	2023	출처없음		
c0333	법인세율 비교	조세와 재정	미등록	연	정상	45	124	2024	출처없음		https://taxfoundation.org/data/all/global/corporate-tax-rates-by-country-2024/.
c0334	부동산 공시가격 현실화율	조세와 재정	미등록	연	정상	11	6	2030	출처없음		
c0336	조세 부담률	조세와 재정	미등록	연	정상	24	7	2023	OECD	OECD, Revenue Statistics	
c0337	부동산 세금 (GDP 대비 비중.)	조세와 재정	미등록	연	정상	23	6	2022	OECD	OECD, Revenue Statistics	
c0338	부동산 세금 (전체 조세 대비 비중.)	조세와 재정	미등록	연	정상	23	7	2022	OECD	OECD, Revenue Statistics	
c0339	부동산 보유세 (GDP 대비 비중.)	조세와 재정	미등록	연	정상	22	4	2021	OECD	OECD, Revenue Statistics	
c0340	부동산 보유세 (전체 조세 대비 비중.)	조세와 재정	미등록	연	정상	22	4	2021	OECD	OECD, Revenue Statistics	
c0342	1인당 육류 소비량	식량	미등록	연	정상	29	3	2023	손	한국육류유통수출협회	
c0343	국제 밀 가격	식량	미등록	연	정상	66	1	2025	출처없음		https://www.macrotrends.net/2534/wheat-prices-historical-chart-data
c0345	쌀 재고량	식량	미등록	연	정상	23	1	2024	출처없음		
c0346	1인당 쌀과 육류 소비 현황	식량	미등록	연	정상	30	2	2024	KOSIS	한국육류유통수출협회. 국가데이터처 양곡소비 조사. (	
c0349	국제 쌀 가격	식량	미등록	연	정상	65	1	2024	출처없음		https://www.macrotrends.net/2534/wheat-prices-historical-chart-data
c0350	국제 쌀과 밀 가격	식량	미등록	연	정상	66	2	Untitled 1	출처없음		https://www.macrotrends.net/2534/wheat-prices-historical-chart-data
c0351	한국과 일본의 쌀 생산량	식량	미등록	연	정상	65	3	2024	손	농촌경제연구원	https://www.indexmundi.com/agriculture/?country=jp&commodity=milled-rice&graph=production
c0352	한국의 쌀 재배 면적	식량	미등록	연	정상	56	1	2024	출처없음		
c0353	한국과 일본의 1인당 쌀 소비량	식량	미등록	연	정상	62	2	2024	KOSIS	국가데이터처 양곡소비 조사. (	
c0355	한국의 쌀 생산량	식량	미등록	연	정상	60	2	2024	KOSIS	국가데이터처, 농작물 생산 조사. 92.9% 백미 기준	
c0356	한국의 쌀 생산량과 소비량	식량	미등록	연	정상	65	2	2024	KOSIS	국가데이터처, 농작물 생산 조사. 92.9% 백미 기준	
c0357	한국의 쌀 재배면적	식량	미등록	연	정상	29	1	2023	손	한국농어촌공사	
c0358	한국의 식량과 곡물 자급률	식량	미등록	연	정상	67	2	2023	손	양곡연도 기준, 사료용 제외	
c0362	커피 가격	식량	미등록	연	정상	53	1	2025	출처없음		
c0366	한국과 일본의 쌀 재배 면적	식량	미등록	연	정상	56	2	2024	손	일본 농림수산성 作付面積統計	https://www.maff.go.jp/j/tokei/kouhyou/sakumotu/menseki/index.html
c0367	일본의 1인당 쌀 소비량	식량	미등록	연	정상	64	1	2023	손	농촌경제연구원	https://www.e-stat.go.jp/stat-search/files?page=1&layout=datalist&toukei=00500300&tstat=00
c0368	일본의 쌀 생산량	식량	미등록	연	정상	65	2	2024	손	농촌경제연구원	https://www.indexmundi.com/agriculture/?country=jp&commodity=milled-rice&graph=production
c0369	한국의 칼로리 자급률	식량	미등록	연	정상	6	1	2020	손	농촌경제연구원	
c0373	세계 쌀 소비량	식량	미등록	연	정상	60	1	2022	손	위키피디아	
c0404	주관적 정치적 성향 분포	정치	미등록	연	정상	21	3	2026	갤럽PDF	갤럽리포트, 1월과 7월 기준	
c0417	빨간색은 오세훈. (2)	정치	미등록	연	정상	7	2	2026	갤럽PDF	한국갤럽	
c0418	노란색이 평균. (1)	정치	미등록	연	정상	7	2	2021	갤럽PDF	한국갤럽	
c0419	가장 유리한 재테크 방법은?	정치	미등록	연	정상	15	5	2026	갤럽PDF	갤럽리포트, 2026년 1월30일	
c0444	연령대별 선거인 수 예측	정치	미등록	연	정상	6	5	2050	KOSIS	행정안전부 「장래인구추계」	
c0445	연령대별 투표율 예측	정치	미등록	연	정상	15	5	2020	손	방송 3사 「출구조사」, MBC 추정	
c0447	연령대별 유권자 비율	정치	미등록	연	정상	18	5	2025	손	중앙선거관리위원회, 2025년은 방송 3사 「출구조사」 추산	
c0482	역대 총선 투표율	정치	미등록	연	정상	21	1	2020	손	중앙선거관리위원회	
c0483	역대 대선 투표율	정치	미등록	연	정상	14	1	2022	손	중앙선거관리위원회	
c0502	국제 유가	세계 경제	미등록	연	정상	81	1	2026	손	WTI유 기준	
c0503	베네수엘라 인플레이션	세계 경제	미등록	연	정상	47	1	2026	IMF	IMF	
c0508	미국과 중국의 무역 수지	세계 경제	미등록	연	정상	41	2	2025	손	U.S. trade in goods with China	https://www.census.gov/foreign-trade/balance/c5700.html
c0509	미국과 중국의 무역 수지 비교	세계 경제	미등록	연	정상	43	2	2024	출처없음		
c0510	미국의 무역 수지	세계 경제	미등록	연	정상	44	1	2025	출처없음		
c0511	미국과 한국 성장률 비교	세계 경제	미등록	연	정상	65	2	2025	IMF	IMF	
c0514	미국과 한국 성장률 비교	세계 경제	미등록	연	정상	64	2	2024	손	월드뱅크	
c0515	GDP 비교	세계 경제	미등록	연	정상	51	5	2030	IMF	IMF	
c0517	미국과 중국, 인도 GDP 비교	세계 경제	미등록	연	정상	46	3	2025	IMF	IMF	
c0518	미국과 중국, 인도가 글로벌 GDP에서 차지하는 비중	세계 경제	미등록	연	정상	46	4	2025	IMF	IMF	
c0519	글로벌 GDP 비중	세계 경제	미등록	연	정상	46	5	2025	IMF	IMF	
c0523	아마존 고용 인원	세계 경제	미등록	연	정상	19	1	2025	출처없음		
c0525	미국과 중국의 명목 GDP	세계 경제	미등록	연	정상	65	2	2024	IMF	IMF	https://www.imf.org/external/datamapper/PPPGDP@WEO/TWN/KOR/JPN
c0526	한국과 일본, 대만 1인당 GDP	세계 경제	미등록	연	정상	51	3	2030	IMF	IMF	https://www.imf.org/external/datamapper/PPPGDP@WEO/TWN/KOR/JPN
c0527	한국과 대만 물가 상승률	세계 경제	미등록	연	정상	31	2	2025	IMF	IMF	https://www.imf.org/external/datamapper/PPPGDP@WEO/TWN/KOR/JPN
c0528	해외 순자산 추이	세계 경제	미등록	연	정상	14	10	2023	출처없음		https://worldpopulationreview.com/country-rankings/net-international-investment-position-b
c0546	카레라이스 소비자 가격와 원가 구성. (1)	세계 경제	미등록	연	정상	11	2	2025	손	株式会社帝国データバンクは, / 2025년은 3월 기준	
c0549	수도권 순유입 인구	지역	미등록	연	정상	31	7	2025	손	굵은 선이 20대와 60대	
c0555	서울과 경기 인구	지역	미등록	연	정상	40	2	2024	KOSIS	국가데이터처	
c0558	서울시와 경기도 인구 비교	지역	미등록	연	정상	32	2	2023	KOSIS	국가데이터처	
c0559	수도권과 비수도권 인구 비교	지역	미등록	연	정상	35	2	2025	출처없음		
c0560	서울시와 경기도 1인당 소득 비교	지역	미등록	연	정상	23	3	2022 p)	출처없음		
c0566	1인당 GRDP 추이	지역	미등록	연	정상	40	18	2024 p)	KOSIS	국가데이터처	
c0567	부산시 남녀 고용율	지역	미등록	연	정상	22	2	2023	출처없음		
c0568	거제시 남녀 고용률	지역	미등록	연	정상	22	2	2023	출처없음		
c0570	부산과 경남 인구	지역	미등록	연	정상	83	2	2052	출처없음		
c0571	부산 25~29세 남녀 순유출	지역	미등록	연	정상	29	2	2023	출처없음		
c0574	출생아 남녀 성비	지역	미등록	연	정상	35	18	2024	출처없음		
c0584	부산 지역 25~29세 남녀 인구	지역	미등록	연	정상	83	2	2052	KOSIS	국가데이터처 인구 추계	
c0585	평택 인구 추이	지역	미등록	연	정상	31	2	2025	KOSIS	국가데이터처	
c0586	지역내총생산(GRDP)	지역	미등록	연	정상	39	2	2023	출처없음		
c0587	20대와 70대 인구 비교	지역	미등록	연	정상	103	2	2072	손	2022년부터는 추계인구	
c0588	지역내총생산 성장률	지역	미등록	연	정상	38	2	2022	출처없음		
c0589	수도권과 비수도권 인구 추계	지역	미등록	연	정상	83	2	2052	KOSIS	국가데이터처 장래 인구 추계	
c0590	부산과 인천 인구 추계	지역	미등록	연	정상	83	2	2052	KOSIS	국가데이터처 장래 인구 추계	
c0591	해남군 인구와 합계 출산율. (2)	지역	미등록	연	정상	33	2	2024	KOSIS	국가데이터처	
c0592	부산지역 연령대별 전입 인구	지역	미등록	연	정상	29	17	2023	출처없음		
c0593	부산지역 연령대별 전출 인구	지역	미등록	연	정상	29	17	2023	출처없음		
c0594	부산지역 연령대별 여성 전입 인구	지역	미등록	연	정상	29	17	2023	출처없음		
c0595	부산지역 연령대별 남성 전입 인구	지역	미등록	연	정상	29	17	2023	출처없음		
c0596	부산지역 연령대별 여성 전출 인구	지역	미등록	연	정상	29	17	2023	출처없음		
c0597	부산지역 연령대별 남성 전출 인구	지역	미등록	연	정상	29	17	2023	출처없음		
c0598	서울시 자치구별 초등학생 수	지역	미등록	연	정상	15	25	2024	출처없음		
c0599	학생수 추이	지역	미등록	연	정상	27	3	2025	KOSIS	국가데이터처	
c0600	부산지역 연령대별 남녀 전출 인구	지역	미등록	연	정상	29	4	2023	출처없음		
c0602	전남과 전국 합계출산율 추이	지역	미등록	연	정상	32	2	2024 p)	KOSIS	국가데이터처	
c0603	부산지역 연령대별 남녀 전출 인구	지역	미등록	연	정상	29	2	2023	출처없음		
c0604	부산지역 연령대별 여성 인구	지역	미등록	연	정상	32	4	2023	출처없음		
c0605	부산지역 연도별 전입 유출 인구	지역	미등록	연	정상	29	2	2023	출처없음		
c0611	연 평균 3.04만 명	지역	미등록	연	정상	29	1	2023	출처없음		
c0626	상장기업 수	지역	미등록	연	정상	60	20	2024	출처없음		
c0627	농촌기본소득 도입 발표	지역	미등록	연	정상	19	1	2026	출처없음		
c0628	부산지역 연령대별 인구	지역	미등록	연	정상	83	4	2052	출처없음		
c0639	전체 예산 대비 국방비 예산 추이. (1)	북한	미등록	연	정상	26	3	2025	KOSIS	기획재정부	
c0640	방위비 분담금	북한	미등록	연	정상	40	2	2030	손	방위비분담특별협정. 2026년부터는 추정치	
c0643	한국과 북한 인구 수	북한	미등록	연	정상	66	2	2025	KOSIS	국가데이터처	
c0645	은행 총자산과 당기순이익	금융	미등록	연	정상	21	2	2024	손	금융감독원 「금융통계정」보시스템	
c0646	벤처캐피털 투자 현황	금융	미등록	연	정상	27	2	2024	손	한국벤처캐피탈협회	
c0667	GDP 대비 가계부채 비율	금융	미등록	연	정상	24	1	2025	ECOS	한국은행 「통화금융통계」	
c0668	GDP 대비 정부부채와 가계부채 비율	금융	미등록	연	정상	35	2	2024	ECOS	한국은행	
c0670	GDP 대비 정부 부채 비교	금융	미등록	연	정상	45	7	2024	IMF	IMF	
c0674	가계부채 현황	금융	미등록	연	정상	24	2	2025_3Q	ECOS	한국은행	
c0675	가계부채와 기업부채 현황. (1)	금융	미등록	연	정상	17	2	2024	ECOS	한국은행	
c0677	자영업자 대출 연체율	금융	미등록	연	정상	8	2	2024	출처없음		
c0678	코스피 상장사 영업이익	주식	미등록	연	정상	24	1	2027	손	2026년은 에프앤가이드 컨센서스	
c0679	코스피 상장사 영업이익과 삼전+닉스 영업이익 전망	주식	미등록	연	정상	24	1	2027	손	2026년은 에프앤가이드 컨센서스	
c0680	삼성전자+SK하이닉스 영업이익 추이와 전망	주식	미등록	연	정상	28	2	2027	손	2026년과 2027년은 SK증권 전망	
c0683	코스닥 상장사 영업이익	주식	미등록	연	정상	23	1	2026	출처없음		
c0696	스타벅스코리아 매출과 영업이익	주식	미등록	연	정상	26	2	2025	출처없음		
c0697	스타벅스 자기자본과 당기순이익	주식	미등록	연	정상	16	2	2024	손	마크로트렌드	
c0698	맥도날드 자기자본과 당기순이익	주식	미등록	연	정상	16	2	2024	손	마크로트렌드	
c0699	삼성전자 자기자본과 당기순이익	주식	미등록	연	정상	16	2	2024	손	금융감독원	
c0700	애플 자기자본과 당기순이익	주식	미등록	연	정상	16	2	2024	손	마크로트렌드	
c0720	서울 매매가격 대비 전세가격	부동산	미등록	연	정상	18	3	2026	KB엑셀	KB부동산, 해마다 1월 기준	
c0727	GDP 대비 부동산 시가총액	부동산	미등록	연	정상	51	18	2022	OECD	OECD, 파란색 굵은 선이 한국	
c0728	부동산 실효 세율 비교	부동산	미등록	연	정상	54	54	2023	손	토지+자유연구소, 파란색 굵은 선이 한국	https://landliberty.or.kr/oecd-%ea%b5%ad%ea%b0%80-%eb%b3%b4%ec%9c%a0%ec%84%b8-%ec%8b%a4%ed
c0731	주택 시가총액	부동산	미등록	연	정상	31	1	2025	ECOS	한국은행, 단위: 조 원. 2024년과 2025년은 추산.	
c0732	GDP(국내총생산)	부동산	미등록	연	정상	71	2	2024	출처없음		
c0733	아파트 분양 물량	부동산	미등록	연	정상	17	4	2026	KB엑셀	KB부동산	
c0734	아파트 입주 물량	부동산	미등록	연	정상	37	2	2026	KB엑셀	KB부동산	
c0735	서울 아파트 청약 현황	부동산	미등록	연	정상	6	2	2025	KB엑셀	KB부동산	
c0738	자가 점유 가구 비율	부동산	미등록	연	정상	14	4	2024	출처없음		
c0739	GDP 대비 주택 시가총액 비율과 합계 출산율	부동산	미등록	연	정상	30	2	Untitled 1	출처없음		
c0740	한국의 GDP와 주택 시가 총액 비교	부동산	미등록	연	정상	30	2	2024	출처없음		
c0741	한국의 GDP와 부동산 자산 비교	부동산	미등록	연	정상	55	2	2024	출처없음		
c0748	은마아파트 매매가격	부동산	미등록	연	정상	8	2	2025	손	최고가 기준	
c0749	LH 공공 택지 매각 현황	부동산	미등록	연	정상	13	2	2025.6	손	경제정의실천시민연합	
c0757	정부 지출과 복지 지출	복지	미등록	연	정상	21	2	2025	출처없음		
c0765	국민연금 포트폴리오	연금과 기금	미등록	연	정상	39	6	2026	출처없음		
c0766	국민연금 기금	연금과 기금	미등록	연	정상	39	1	2026	손	2026년은 5월 기준 추산	
c0767	주요 연금 적립금 추이	연금과 기금	미등록	연	정상	9	3	2024	출처없음		
c0768	주요 연금 지급액 추이	연금과 기금	미등록	연	정상	11	3	2024	출처없음		
c0769	퇴직연금 추이	연금과 기금	미등록	연	정상	10	4	2023	출처없음		
c0772	국민연금 자산 구조	연금과 기금	미등록	연	정상	38	6	2025	출처없음		
c0773	국민연금 자산 비중	연금과 기금	미등록	연	정상	39	4	Untitled 1	출처없음		
c0774	국민연금 가입자 수와 노령연금 수급자 수	연금과 기금	미등록	연	정상	16	2	2093	손	2023년 3월 「재정추계」전문위원회 5차 추계 결과, (노령연금은 국민연금 가운데 지급 개시연령 이후부터 받는 급여. 장애연	
c0775	현행 보험료율과 소득 대체율	연금과 기금	미등록	연	정상	41	2	2028	출처없음		
c0779	기초연금 수급자 수와 지급액	연금과 기금	미등록	연	정상	12	2	2025	KOSIS	보건복지부	
c0787	의대 정원	건강과 보건	미등록	연	정상	88	1	2035	출처없음		
c0790	연령대별 자살 시도자 수(여성)	자살	미등록	연	정상	10	6	2023	KOSIS	국가데이터처	
c0791	10대와 20대 자살 시도자 수	자살	미등록	연	정상	10	2	2023	KOSIS	국가데이터처	
c0792	연령대별 자살 시도자 수(남성)	자살	미등록	연	정상	10	6	2023	KOSIS	국가데이터처	
c0793	10만 명당 자살자 수	자살	미등록	연	정상	41	13	2025	OECD	OECD, 파란색 굵은 선이 한국	
c0796	한국의 자살률	자살	미등록	연	정상	41	8	2023	출처없음		
c0797	10만 명당 자살자 수	자살	미등록	연	정상	41	2	2023	KOSIS	국가데이터처	
c0798	10대 자살률	자살	미등록	연	정상	43	1	2025	KOSIS	국가데이터처, 10만 명당 자살자 수	
c0799	1020 여성 자살률	자살	미등록	연	정상	41	4	2023	KOSIS	국가데이터처, 10만 명당 자살자 수	
c0800	1020 남성 자살률	자살	미등록	연	정상	41	4	2023	KOSIS	국가데이터처, 10만 명당 자살자 수	
c0801	사망자 수	자살	미등록	연	정상	42	8	2024	출처없음		
c0802	자살자 수	자살	미등록	연	정상	42	8	2024	KOSIS	국가데이터처 사망 원인 통계	
c0805	한국의 자살자 수	자살	미등록	연	정상	42	9	2024	출처없음		
c0806	한국의 자살자 수(여성)	자살	미등록	연	정상	42	9	2024	출처없음		
c0807	한국의 10대 자살자 수	자살	미등록	연	정상	42	2	2024	출처없음		
c0808	한국의 10대와 20대 자살자 수	자살	미등록	연	정상	42	4	2024	출처없음		
c0809	한국의 20대 자살자 수	자살	미등록	연	정상	42	2	2024	출처없음		
c0810	한국의 10대 자살자 수	자살	미등록	연	정상	42	2	2024	출처없음		
c0811	한국의 자살자 수(남성)	자살	미등록	연	정상	42	9	2024	출처없음		
c0812	한국의 자살률	자살	미등록	연	정상	41	4	2023	출처없음		
c0814	자살자 수	자살	미등록	연	정상	7	2	2023	KOSIS	국가데이터처 사망원인 통계	
c0816	10만 명당 자살자 수	자살	미등록	연	정상	22	8	2024	OECD	OECD, 파란색 굵은 선이 한국	
c0824	20대 남녀 자살 시도자 수	자살	미등록	연	정상	10	2	2023	KOSIS	국가데이터처	
c0830	원-달러 환율과 원-엔 환율	환율	미등록	연	정상	47	2	2026	손	명목	
c0831	해외 주식 투자	환율	미등록	연	정상	45	2	2025	출처없음		
c0833	한국과 일본의 1인당 국민소득	환율	미등록	연	정상	55	2	2024	손	명목	
c0840	외국인 환자 수	외국인	미등록	연	정상	17	1	2025	손	국제의료정보 포털	
c0841	총인구	외국인	미등록	연	정상	9	2	2023	KOSIS	국가데이터처 「인구주택총조사」	
c0842	E-7 체류자격 이주노동자 규모	외국인	미등록	연	정상	11	1	2023	손	법무부	
c0843	E-9 체류자격 이주노동자 규모	외국인	미등록	연	정상	11	1	2023	손	법무부	
c0844	외국인 주민 현황	외국인	미등록	연	정상	8	5	2023	손	법무부	
c0851	자영업자 수	소비와 물가	미등록	연	정상	63	1	2025	KOSIS	국가데이터처 경제활동인구	
c0852	자영업자 수와 비중	소비와 물가	미등록	연	정상	63	2	2025	KOSIS	국가데이터처 경제활동인구	
c0855	소비자물가 상승률	소비와 물가	미등록	연	정상	60	1	2025	손	(	https://kosis.kr/statHtml/statHtml.do?orgId=101&tblId=DT_1J22003&conn_path=i3
c0857	자영업자 현황	소비와 물가	미등록	연	정상	46	2	2025	KOSIS	국가데이터처 「경제활동인구조사」	
c0859	근원인플레이션	소비와 물가	미등록	연	정상	20	1	2023	KOSIS	국가데이터처	
c0860	소비자 물가 등락률	소비와 물가	미등록	연	정상	20	1	2023	KOSIS	국가데이터처	
c0861	물가와 최저임금	소비와 물가	미등록	연	정상	24	2	2027	KOSIS	국가데이터처	
c0862	소매 판매액 추이	소비와 물가	미등록	연	정상	15	8	2025E	KOSIS	국가데이터처 자료를 기초로 삼성증권 추정	
c0863	근로자 실질임금 추이	소비와 물가	미등록	연	정상	14	1	2024	출처없음		
c0864	짜장면 한 그릇 가격	소비와 물가	미등록	연	정상	51	1	2025	손	한국소비자원, 전국 평균, 「물가지수」 기준으로 역산	
c0865	김치 수입과 수출	소비와 물가	미등록	연	정상	25	2	2024	손	한국무역협회 「무역통계」	
c0866	로또 판매 금액	소비와 물가	미등록	연	정상	18	1	2025	손	재정경제부	
c0871	소매 판매액 지수(연간)	소비와 물가	미등록	연	정상	26	2	2025	KOSIS	국가데이터처. 전년 대비	
c0883	참이슬 후레쉬 도수	소비와 물가	미등록	연	정상	21	1	2026	출처없음		
c0884	소주 도수 변화	소비와 물가	미등록	연	정상	103	1	2026	출처없음		
c0885	한국인의 1인당 알코올 소비량	소비와 물가	미등록	연	정상	63	1	2023	출처없음		
c0886	주류 출고량	소비와 물가	미등록	연	정상	31	3	2024	KOSIS	국세청	
c0889	재생가능 에너지 발전 비율	기후와 에너지	미등록	연	정상	32	8	2021	출처없음		
c0891	시나리오에 따른 GDP 변화	기후와 에너지	미등록	연	정상	4	4	2100	ECOS	한국은행	
c0894	1.5도 목표	기후와 에너지	미등록	연	정상	176	1	2025	출처없음		https://ourworldindata.org/grapher/temperature-anomaly
c0895	한국의 1인당 이산화탄소 배출량	기후와 에너지	미등록	연	정상	104	1	2023	출처없음		
c0896	서울시 미세먼지 농도	기후와 에너지	미등록	연	정상	20	2	2025	출처없음		
c0899	한국의 온실가스 감축 목표	기후와 에너지	미등록	연	정상	41	4	2030	출처없음		
c0900	한국의 온실가스 배출량과 2030년 목표	기후와 에너지	미등록	연	정상	41	2	2030	출처없음		
c0901	한국의 온실가스 순배출량과 2030년 목표	기후와 에너지	미등록	연	정상	41	2	2030	출처없음		
c0902	한국의 온실가스 순배출량과 목표	기후와 에너지	미등록	연	정상	61	2	2050	출처없음		
c0903	53% 감축, 목표 상한	기후와 에너지	미등록	연	정상	61	5	2050	출처없음		
c0910	이산화탄소 농도	기후와 에너지	미등록	연	정상	106	1	2025	손	NOAA Global Monitoring Laboratory	
c0911	한국의 온실가스 배출량과 1인당 국민소득	기후와 에너지	미등록	연	정상	32	2	2021	출처없음		
c0912	전기요금 단가	기후와 에너지	미등록	연	정상	17	2	2025	손	한국전력	https://tips.energy.or.kr/statistics/statistics_view0703.do
c0913	한국의 에너지 수입	기후와 에너지	미등록	연	정상	45	4	2024	출처없음		https://tips.energy.or.kr/statistics/statistics_view0209.do
c0914	한국의 유연탄 수입	기후와 에너지	미등록	연	정상	30	13	2024	출처없음		https://tips.energy.or.kr/statistics/statistics_view0209.do
c0915	한국의 에너지 수입	기후와 에너지	미등록	연	정상	31	4	2024	출처없음		
c0916	대구경북 지역 사과 수확량	기후와 에너지	미등록	연	정상	45	8	2024	출처없음		
c0917	지구 표면 온도 변화	기후와 에너지	미등록	연	정상	145	1	2024	손	NASA's Goddard Institute for Space Studies (GISS)	
c0918	폭염일수	기후와 에너지	미등록	연	정상	119	1	2026	손	서울 기준, 기상청.	
c0918	폭염일수	기후와 에너지	미등록	연	정상	53	1	2025	손	기상청	
c0919	기장 수협 생미역 위판 현황	기후와 에너지	미등록	연	정상	4	1	2016	출처없음		
c0923	한국의 에너지원별 발전량	기후와 에너지	미등록	연	정상	16	7	2024	출처없음		
c0924	전기 생산량	기후와 에너지	미등록	연	정상	40	3	2024	손	아워월드인데이터	
c0925	최종 에너지 소비 가운데 전기 비중	기후와 에너지	미등록	연	정상	10	6	2022	출처없음		
c0926	에너지원별 발전량	기후와 에너지	미등록	연	정상	25	7	2025	출처없음		https://epsis.kpx.or.kr/epsisnew/selectEkmaPtdBftChart.do?menuId=040501
c0927	전기차 비중	기후와 에너지	미등록	연	정상	13	19	2022	손	2022년 기준, International Energy Agency. Global EV Outlook 2023	
c0928	에너지원별 발전량	기후와 에너지	미등록	연	정상	25	7	2025	출처없음		
c0933	지역별 발전량	기후와 에너지	미등록	연	정상	23	17	2024	출처없음		
c0934	재생 가능 에너지 비율	기후와 에너지	미등록	연	정상	35	8	2024	출처없음		
c0935	산업용 전기요금	기후와 에너지	미등록	연	정상	27	9	2019	OECD	OECD	
c0936	신재생에너지 발전량	기후와 에너지	미등록	연	정상	23	2	2023	출처없음		
c0937	신·재생에너지 발전비율	기후와 에너지	미등록	연	정상	24	1	2024	손	한국에너지공단	
c0938	총 발전량과 신·재생에너지 발전량	기후와 에너지	미등록	연	정상	24	2	2024	손	한국에너지공단	
c0943	전력 수급 동향	기후와 에너지	미등록	연	정상	33	3	2025	출처없음		
c0944	전력 수급 동향과 전망	기후와 에너지	미등록	연	정상	46	3	2038	출처없음		
c0945	2038년 10.3GW 부족	기후와 에너지	미등록	연	정상	15	2	2038	손	11차 전력 기본계획	
c0946	전력 수급 전망	기후와 에너지	미등록	연	정상	15	2	2038	출처없음		
c0948	한국전력공사 매출과 영업이익	기후와 에너지	미등록	연	정상	16	2	2025	출처없음		
c0949	한국전력공사 부채	기후와 에너지	미등록	연	정상	17	1	2026	출처없음		
c0954	한국의 LNG 도입량	기후와 에너지	미등록	연	정상	39	1	2024	출처없음		
c0955	한국과 EU의 재생 에너지원 발전 비중	기후와 에너지	미등록	연	정상	25	2	2024	출처없음		
c0956	에너지 도입량	기후와 에너지	미등록	연	정상	105	8	2024	출처없음		
c0958	한국의 에너지원별 발전 비중	기후와 에너지	미등록	연	정상	60	3	2024	출처없음		
c0959	영국의 에너지원별 발전 비중	기후와 에너지	미등록	연	정상	60	3	2024	출처없음		
c0960	덴마크의 에너지원별 발전 비중	기후와 에너지	미등록	연	정상	60	3	2024	출처없음		
c0961	OECD 에너지원별 발전 비중	기후와 에너지	미등록	연	정상	35	8	2024	출처없음		
c0962	한국 에너지원별 발전 비중	기후와 에너지	미등록	연	정상	34	8	2024	손	단위: %.	
c0962	한국 에너지원별 발전 비중	기후와 에너지	미등록	연	정상	40	8	2024	출처없음		
c0963	스페인 에너지원별 발전 비중	기후와 에너지	미등록	연	정상	40	8	2024	출처없음		
c0964	EU 에너지원별 발전 비중	기후와 에너지	미등록	연	정상	35	8	2024	출처없음		
c0965	스페인 에너지원별 발전 비중	기후와 에너지	미등록	연	정상	40	8	2024	출처없음		
c0966	EU 에너지원별 발전 비중	기후와 에너지	미등록	연	정상	35	8	2024	출처없음		
c0967	한국과 OECD 저탄소 에너지 비율	기후와 에너지	미등록	연	정상	25	2	2024	출처없음		
c0968	한국의 에너지 수입	기후와 에너지	미등록	연	정상	11	3	2024	출처없음		
c0982	태양광 패널 가격과 설치 용량	기후와 에너지	미등록	연	정상	50	2	2024	출처없음		https://ourworldindata.org/grapher/solar-pv-prices-vs-cumulative-capacity
c0984	태양광 패널 가격	기후와 에너지	미등록	연	정상	50	1	2024	출처없음		https://ourworldindata.org/grapher/solar-pv-prices-vs-cumulative-capacity
c0989	11차 전력 수급 계획 설비 용량	기후와 에너지	미등록	연	정상	3	8	2038	손	산업통상자원부	
c0990	11차 전력 수급 계획 발전량	기후와 에너지	미등록	연	정상	3	7	2038	손	산업통상자원부	
c0991	전기요금	기후와 에너지	미등록	연	정상	64	4	2024	출처없음		
c0999	연료 원별 정산 단가	기후와 에너지	미등록	연	정상	25	12	2025	손	「전력통계정」보시스템	
c1000	원자력 발전 입찰량과 거래량	기후와 에너지	미등록	연	정상	25	2	2025	손	「전력통계정」보시스템	
c1001	LNG 발전 입찰량과 거래량	기후와 에너지	미등록	연	정상	24	2	2024	손	「전력통계정」보시스템	
c1002	석탄 발전 입찰량과 거래량	기후와 에너지	미등록	연	정상	24	2	2024	손	「전력통계정」보시스템	
c1003	원자력 발전 입찰량과 거래량	기후와 에너지	미등록	연	정상	24	2	2024	손	「전력통계정」보시스템	
c1005	어떤 에너지원이 계통 한계 가격을 결정할까	기후와 에너지	미등록	연	정상	26	5	2026	손	「전력통계정」보시스템	
c1007	기후변화가 촉발한 경제 피해 규모	기후와 에너지	미등록	연	정상	11	1	2023	손	모경종 의원실 분석, 복구 비용 포함	
c1015	신재생 에너지 비율	기후와 에너지	미등록	연	정상	34	8	2023	OECD	OECD	
c1016	석탄화력 발전 비중	기후와 에너지	미등록	연	정상	34	7	2023	KOSIS	보건복지부	
c1017	한국전력과 5개 자회사 온실가스 배출량	기후와 에너지	미등록	연	정상	12	6	2022	손	PLANET	
c1027	통화량과 GDP	지속가능한 성장	미등록	연	정상	23	2	2025	출처없음		
c1042	한국의 장기 성장률	지속가능한 성장	미등록	연	정상	37	1	2029	ECOS	해당 연도 전후로 GDP 11년 평균, 한국은행	
c1044	한국의 1인당 국민소득(GNI)	지속가능한 성장	미등록	연	정상	74	1	2026	손	명목	
c1045	한국 1인당 GDP	지속가능한 성장	미등록	연	정상	46	2	2025	IMF	IMF	https://www.imf.org/external/datamapper/PPPGDP@WEO/TWN/KOR/JPN
c1047	한국의 국가 신용등급	지속가능한 성장	미등록	연	정상	39	3	2024	KOSIS	기획재정부	
c1055	KT 직원 수	기업과 산업	미등록	연	정상	28	1	2025	출처없음		
c1056	KT 직원 수와 임금 총액	기업과 산업	미등록	연	정상	28	2	2025	출처없음		
c1057	KT 영업이익과 현금배당	기업과 산업	미등록	연	정상	28	2	2025	손	연결 기준	
c1058	KT 매출액과 당기순이익	기업과 산업	미등록	연	정상	20	2	2025	손	연결 기준	
c1059	KT 유동자산과 유동부채	기업과 산업	미등록	연	정상	20	2	2025	손	연결 기준	
c1060	이케아코리아 매출과 영업이익	기업과 산업	미등록	연	정상	11	2	2025	출처없음		
c1073	다이소 실적	기업과 산업	미등록	연	정상	16	2	2025	출처없음		
c1074	올리브영 실적	기업과 산업	미등록	연	정상	10	2	2024	출처없음		
c1078	현대자동차 휴머노이드 매출 추정	기업과 산업	미등록	연	정상	6	2	2030	손	삼성증권	
c1079	삼성전자와 TSMC 시가총액 비교	기업과 산업	미등록	연	정상	20	4	2026	출처없음		
c1080	한국 철강 산업 현황	기업과 산업	미등록	연	정상	31	3	2025	출처없음		
c1081	세계 철강 산업 현황	기업과 산업	미등록	연	정상	37	5	2023	출처없음		https://www.voronoiapp.com/economy/-Evolution-of-the-Global-Steel-Industry-19672023-China-
c1102	파리크라상 연결 매출	기업과 산업	미등록	연	정상	7	2	2023	출처없음		
c1104	TSMC 매출과 영업이익 추이	기업과 산업	미등록	연	정상	29	2	2025	출처없음		
c1105	삼성전자와 TSMC 영업이익 비교	기업과 산업	미등록	연	정상	19	2	2025	출처없음		
c1109	코스피 상장사 영업이익	기업과 산업	미등록	연	정상	21	1	2024	출처없음		
c1110	코스닥 상장사 영업이익	기업과 산업	미등록	연	정상	22	1	2025	출처없음		
c1118	수출	기업과 산업	미등록	연	정상	31	1	2025	손	산업통상자원부 수출 실적	
c1126	쿠팡 매출	기업과 산업	미등록	연	정상	13	1	2025	손	쿠팡 감사 보고서	
c1128	쿠팡 영업이익	기업과 산업	미등록	연	정상	12	1	2025	손	쿠팡 감사 보고서	
c1130	국내총생산 대비 연구개발비 비율	기업과 산업	미등록	연	정상	47	2	2022	손	과학기술정보통신부	
c1136	농심 실적	기업과 산업	미등록	연	정상	10	2	2024	출처없음		
c1137	삼양식품과 농심 매출 추이	기업과 산업	미등록	연	정상	10	2	2024	출처없음		
c1138	삼양식품과 농심 영업이익 추이	기업과 산업	미등록	연	정상	11	2	2025	출처없음		
c1139	삼양식품 실적	기업과 산업	미등록	연	정상	11	2	2025	출처없음		
c1146	포스코 매출과 영업이익 추이	기업과 산업	미등록	연	정상	16	2	2025	출처없음		
c1147	세계 철강 생산량	기업과 산업	미등록	연	정상	35	1	2024	출처없음		
c1148	우유 소비량	기업과 산업	미등록	연	정상	45	1	2025	출처없음		
c1150	1인당 우유 소비량(흰 우유)	기업과 산업	미등록	연	정상	45	1	2025	출처없음		
c1152	CJCGV 매출 추이	기업과 산업	미등록	연	정상	12	1	2023	손	CJCGV	
c1153	영화관 관객수	기업과 산업	미등록	연	정상	5	13	2023	손	빨간색이 CJENM	
c1154	유니클로(에프알엘코리아) 매출	기업과 산업	미등록	연	정상	9	2	2025	출처없음		
c1155	남양유업 매출	기업과 산업	미등록	연	정상	15	2	2025	출처없음		
c1156	파리크라상 매출과 영업이익	기업과 산업	미등록	연	정상	10	2	2024	손	연결 기준	
c1161	홈플러스 영업이익과 순이익	기업과 산업	미등록	연	정상	12	2	2025	손	금융감독원 전자공시	
c1162	홈플러스 매출과 당기순이익	기업과 산업	미등록	연	정상	10	3	2023	손	금융감독원 전자공시	
c1163	하이브 실적과 전망	기업과 산업	미등록	연	정상	9	2	2026	출처없음		
c1164	한화에어로스페이스 실적	기업과 산업	미등록	연	정상	6	2	2024	출처없음		
c1167	광주글로벌모터스 실적 추이	기업과 산업	미등록	연	정상	6	2	2024	출처없음		
c1168	딴지그룹 실적 추이	기업과 산업	미등록	연	정상	3	2	2025	출처없음		
c1169	캐스퍼 판매 대수 추이	기업과 산업	미등록	연	정상	6	1	2024	출처없음		
c1171	철도 여객수송 추이	기업과 산업	미등록	연	정상	29	1	2023	손	한국철도공사	
c1172	대중교통 수송 분담률	기업과 산업	미등록	연	정상	23	16	2023	OECD	OECD Annual transport trends	
c1173	한국의 의료기관 병상 수	기업과 산업	미등록	연	정상	11	10	2020	KOSIS	행정안전부	
c1177	한국의 지니계수	기업과 산업	미등록	연	정상	17	4	2022	KOSIS	국가데이터처 「가계동향조사」	
c1178	철도 여객수송 추이	기업과 산업	미등록	연	정상	29	2	2023	손	한국철도공사	
c1180	삼진식품(삼진어묵) 실적	기업과 산업	미등록	연	정상	7	2	2024	출처없음		
c1181	코레일 실적	기업과 산업	미등록	연	정상	28	2	2025	출처없음		
c1182	코레일과 SR 영업이익 비교	기업과 산업	미등록	연	정상	22	2	2025	출처없음		
c1183	SR 실적	기업과 산업	미등록	연	정상	14	2	Untitled 1	출처없음		
c1185	로쏘(성심당) 실적	기업과 산업	미등록	연	정상	12	2	2025	출처없음		
c1188	제과점 창업과 폐업	기업과 산업	미등록	연	정상	46	4	2025	출처없음		
c1189	파리바게뜨 창업과 폐업	기업과 산업	미등록	연	정상	46	2	2025	출처없음		
c1195	고속철도 여객 수송동향	기업과 산업	미등록	연	정상	22	2	2025	출처없음		
c1196	선로이용료 현황	기업과 산업	미등록	연	정상	18	2	2022	출처없음		
c1202	국내 완성차 업체 판매대수	기업과 산업	미등록	연	정상	27	2	2023	손	2024년은 블룸버그 추정	
c1208	현재 사용 스마트폰 재구입 의향자 비율	기업과 산업	미등록	연	정상	13	2	2025	갤럽PDF	갤럽, 2012-2025 스마트폰 사용률 & 브랜드	
c1209	IDC	기업과 산업	미등록	연	정상	13	1	2023	손	세계 스마트폰 출하량	
c1211	아이폰 판매량	기업과 산업	미등록	연	정상	16	2	2022	출처없음		https://www.bankmycell.com/blog/how-many-iphones-have-been-sold/#sources
c1212	아이폰 매출	기업과 산업	미등록	연	정상	18	2	2023	출처없음		https://www.bankmycell.com/blog/how-many-iphones-have-been-sold/#sources
c1213	애플 매출	기업과 산업	미등록	연	정상	17	5	2025	출처없음		https://www.businessofapps.com/data/apple-statistics/
c1214	18~29세 아이폰과 갤럭시폰 점유율	기업과 산업	미등록	연	정상	12	2	2025	갤럽PDF	한국갤럽, 2012-2025 스마트폰 사용률 & 브랜드	
c1215	30대 아이폰과 갤럭시폰 점유율	기업과 산업	미등록	연	정상	12	2	2025	갤럽PDF	한국갤럽, 2012-2025 스마트폰 사용률 & 브랜드	
c1216	40대 아이폰과 갤럭시폰 점유율	기업과 산업	미등록	연	정상	12	2	2025	갤럽PDF	한국갤럽, 2012-2025 스마트폰 사용률 & 브랜드	
c1217	20대 남녀 아이폰 점유율 추이	기업과 산업	미등록	연	정상	6	2	2025	갤럽PDF	갤럽, 2012-2025 스마트폰 사용률 & 브랜드	
c1218	2030 남녀 아이폰 점유율 추이	기업과 산업	미등록	연	정상	6	4	2025	갤럽PDF	갤럽, 2012-2025 스마트폰 사용률 & 브랜드	
c1219	30대 남녀 아이폰 점유율 추이	기업과 산업	미등록	연	정상	6	2	2025	갤럽PDF	갤럽, 2012-2025 스마트폰 사용률 & 브랜드	
c1220	20대 아이폰 점유율 성별 차이	기업과 산업	미등록	연	정상	4	2	2023	갤럽PDF	갤럽, 2012-2023 스마트폰 사용률 & 브랜드	
c1242	합병 전후 제일모직과 삼성물산 매출액 추이	재벌	미등록	연	정상	11	2	2023	출처없음		
c1243	삼성바이오에픽스 영업실적	재벌	미등록	연	정상	10	3	2023	출처없음		
c1244	제일모직+삼성물산 합병의 일등공신	재벌	미등록	연	정상	5	3	2017	출처없음		
c1265	대형마트와 쿠팡 매출 비교	재벌	미등록	연	정상	4	2	2025	출처없음		
c1266	뇌사 장기 기증자와 조직 기증자	TMI	미등록	연	정상	9	2	2025	손	한국장기조직기증원	
c1272	운전면허 발급 건수	TMI	미등록	연	정상	52	1	2024	출처없음		
c1273	헌혈 건수	TMI	미등록	연	정상	32	1	2025	손	대한적십자사	
c1274	CCTV 설치 대수	TMI	미등록	연	정상	17	1	2024	손	개인정보 보호 종합 지원시스템	
c1275	소년 범죄자 비율	TMI	미등록	연	정상	25	2	2024	손	검찰청	
c1276	CCTV 설치 대수와 절도 범죄율	TMI	미등록	연	정상	30	2	2023	손	개인정보 보호 종합 지원시스템	
c1278	생활폐기물 처리 현황	TMI	미등록	연	정상	28	4	2023	손	환경부, 2023년 기준	
c1279	1인당 생활계 폐기물 발생량	TMI	미등록	연	정상	40	1	2024	KOSIS	환경부 전국 폐기물 발생 및 처리현황과 국가데이터처 「장래인구추계」	
c1282	연도별 영화 매출	TMI	미등록	연	정상	22	2	2025	손	영화진흥위원회	
c1283	역대 프로야구 관중 현황	TMI	미등록	연	정상	44	12	2025	출처없음		
c1287	옥외 집회 금지 통고 처분	TMI	미등록	연	정상	12	2	2024	손	경찰청과 경향신문 자료. / (2024년은 상반기까지 집계)	
c1288	가해자 연령대별 교통사고	TMI	미등록	연	정상	20	7	2024	손	경찰청: 단위 명	
c1289	가해자 연령대별 자동차 보험 손해액	TMI	미등록	연	정상	14	6	2024	손	경찰청: 단위 억 원	
c1290	교통사고 발생 추이	TMI	미등록	연	정상	51	3	2023	손	경찰청: 단위 명	
c1291	연령대별 자동차보험 계약자 수	TMI	미등록	연	정상	13	5	2023	손	「보험통계」조회서비스	
c1292	의료 관광객 추이	TMI	미등록	연	정상	8	1	2027	출처없음		
c1293	재범률	TMI	미등록	연	정상	19	1	2024	손	법무부 법무연감	
c1294	절도 범죄 61세 이상 분포	TMI	미등록	연	정상	19	3	2024	손	법무부 법무연감	
c1295	수용 현황	TMI	미등록	연	정상	28	2	2023	손	법무부 법무연감	
c1296	자동차 등록 대수	TMI	미등록	연	정상	60	1	2025	KOSIS	국토교통부	
c1297	절도 범죄율	TMI	미등록	연	정상	48	1	2023	손	법무부 법무연감	
c1298	형사 사건 기소율	TMI	미등록	연	정상	28	1	2024	손	대검찰청 (「검찰통계」시스템)	
c1299	노역장 유치(환형 유치) 건수	TMI	미등록	연	정상	17	2	2024	손	법무부 법무연감	
c1301	노역장 유치(환형 유치) 건수	TMI	미등록	연	정상	17	1	2024	손	법무부 법무연감	
c1302	1919년 4월11일. 대한민국 임시정부 수립. (2)	TMI	미등록	연	정상	101	8	1980	출처없음		
c1304	서울시 길고양이 현황	TMI	미등록	연	정상	5	2	2023	출처없음		
c1305	케어의 구조 개체 수와 동물 사체 처리 비용	TMI	미등록	연	정상	4	2	2019	출처없음		
c1307	태화강 연어	TMI	미등록	연	정상	16	1	2024	손	태화강생태관	
c1309	IMD 국가 경쟁력 순위	TMI	미등록	연	정상	28	2	2024	출처없음		
c1322	항생제 사용량	TMI	미등록	연	정상	10	2	2023	손	질병관리청	
c1323	학교폭력 피해 응답률	TMI	미등록	연	정상	14	4	2026	KOSIS	교육부 학교폭력 「실태조사」	
c1325	일본 관광객 수	TMI	미등록	연	정상	62	1	2025	출처없음		
c1327	한국 관광객 수	TMI	미등록	연	정상	51	1	2025	출처없음		
c1328	한국과 일본 관광객 수	TMI	미등록	연	정상	51	2	2025	출처없음		
c1329	한국 관광 수지	TMI	미등록	연	정상	30	2	2024	출처없음		
c1330	일본 관광객 비중	TMI	미등록	연	정상	36	6	2025	출처없음		
c1334	영어 유치원과 일반 유치원	TMI	미등록	연	정상	11	2	2024	KOSIS	교육부와 한국개발연구원	
c1335	연도별 추석 연휴 매출 상위 5개 휴게소	TMI	미등록	연	정상	5	7	2024	출처없음		
c1341	서울시 65세 이상 운전면허 비율	TMI	미등록	연	정상	7	2	2022	출처없음		
c1342	65세 이상 운전면허 보유자 비율	TMI	미등록	연	정상	10	2	2023	출처없음		
c1343	65세 이상 교통사고 비율	TMI	미등록	연	정상	10	2	2023	출처없음		
c1344	65세 이상 교통사고 사망자 비율	TMI	미등록	연	정상	10	2	2023	출처없음		
c1345	서울시 65세 이상 교통사고 비율	TMI	미등록	연	정상	7	2	2022	출처없음		
c1346	서울시 65세 이상 교통사고 사망자 비율	TMI	미등록	연	정상	7	2	2022	출처없음		
c1347	서울시 교통사고 추이	TMI	미등록	연	정상	7	2	2022	출처없음		
c1353	사교육비	TMI	미등록	연	정상	19	3	2025	KOSIS	교육부	https://kosis.kr/statHtml/statHtml.do?sso=ok&returnurl=https%3A%2F%2Fkosis.kr%3A443%2Fstat
c1358	연도별 영화 개봉 편수	TMI	미등록	연	정상	55	2	2025	손	영화진흥위원회	
c1359	연도별 영화 관객 수	TMI	미등록	연	정상	22	2	2025	손	영화진흥위원회, (공식)	
c1360	연도별 영화 매출	TMI	미등록	연	정상	23	2	2025	손	영화진흥위원회	
c1361	연도별 영화 관객 수	TMI	미등록	연	정상	22	1	2025	손	영화진흥위원회	
c1362	연도별 프로야구 관중 수	TMI	미등록	연	정상	44	1	2025	손	한국야구위원회	
c1363	연도별 영화 관객 수	TMI	미등록	연	정상	23	1	2025	손	영화진흥위원회	
c1366	연도별 프로야구 관중 수	TMI	미등록	연	정상	44	1	2025	손	한국야구위원회	
c1375	역대 올림픽 금메달 수	TMI	미등록	연	정상	20	4	2024	출처없음		
c1376	교정 시설 수용 인원	TMI	미등록	연	정상	28	2	2023	손	법무부	
c1377	교정 시설 출소 사유	TMI	미등록	연	정상	19	5	2023	손	법무부	
c1410	정부 광고 연도별 집행 내역	미디어와 저널리즘	미등록	연	정상	7	5	2025	손	월 평균	
c1411	서울시 광고 연도별 집행 내역	미디어와 저널리즘	미등록	연	정상	7	5	2025	손	연간 합산	
c1412	광고비 현황	미디어와 저널리즘	미등록	연	정상	39	5	2023	손	문화체육관광부	
c1413	인터넷 뉴스 이용률	미디어와 저널리즘	미등록	연	정상	12	3	2024	손	한국언론진흥재단	
c1414	뉴스 이용률	미디어와 저널리즘	미등록	연	정상	12	3	2024	손	한국언론진흥재단	
c1417	한국	미디어와 저널리즘	미등록	연	정상	19	2	2022	출처없음		
c1419	주요 방송사 매출 추이	미디어와 저널리즘	미등록	연	정상	26	3	2024	손	금융감독원 전자공시	
c1424	주요 17개 신문사 매출 추이	미디어와 저널리즘	미등록	연	정상	23	17	2025	손	금융감독원 전자공시	
c1425	종이신문과 인터넷신문 매출 합계	미디어와 저널리즘	미등록	연	정상	17	3	2023	손	한국언론진흥재단 신문산업 실태 조사와 금융감독원 전자공시 교차 분석	
c1426	주요 신문사 매출 추이	미디어와 저널리즘	미등록	연	정상	23	8	2025년	출처없음		
c1427	주요 경제신문 매출 추이	미디어와 저널리즘	미등록	연	정상	23	2	2025	손	금융감독원 전자공시	
c1432	주요 20개 신문사 매출 추이	미디어와 저널리즘	미등록	연	정상	21	1	2023	출처없음		
c1435	불법승계 재판	미디어와 저널리즘	미등록	연	정상	21	1	2024	손	닐슨코리아 월별 100대 광고주 광고비 현황을 연간 집계. 2024년은 9월까지 집계	
c1436	100대 광고주 광고비 집행 현황	미디어와 저널리즘	미등록	연	정상	15	1	2024	손	닐슨코리아 월별 100대 광고주 광고비 현황을 연간 집계	
c1440	메타와 알파벳의 광고 매출	미디어와 저널리즘	미등록	연	정상	23	2	2023	출처없음		
c1453	미디어 소비	미디어와 저널리즘	미등록	연	정상	6	12	2024	출처없음		
c1457	미국 신문 산업 광고 매출 추이	미디어와 저널리즘	미등록	연	정상	69	1	2024	손	신문	https://www.pewresearch.org/journalism/fact-sheet/newspapers/
c1459	미국의 종이신문 구독자 수	미디어와 저널리즘	미등록	연	정상	79	2	2022	손	퓨리서치센터	https://www.journalism.org/fact-sheet/newspapers/
c1460	미국 신문 산업 광고와 구독 매출 추이	미디어와 저널리즘	미등록	연	정상	69	4	2024	손	퓨리서치, (2013년부터는 추정치.)	https://www.pewresearch.org/journalism/fact-sheet/newspapers/
c1474	가장 큰 문제는 먹고 사는 문제가 아니라, 의제의 실종	미디어와 저널리즘	미등록	연	정상	35	1	2024	출처없음		
c1475	뉴욕타임스 구독자 성장률	미디어와 저널리즘	미등록	연	정상	27	1	2024	출처없음		
c1477	뉴욕타임스 구독자 추이	미디어와 저널리즘	미등록	연	정상	15	3	2025	출처없음		
c1479	뉴욕타임스 매출 현황	미디어와 저널리즘	미등록	연	정상	29	3	2025	손	뉴욕타임스	
c1481	뉴욕타임스 구독자 현황	미디어와 저널리즘	미등록	연	정상	33	4	2025	손	뉴욕타임스	
c1482	뉴욕타임스 매출 현황	미디어와 저널리즘	미등록	연	정상	29	4	2025	손	뉴욕타임스	
c1483	뉴욕타임스 구독자 현황	미디어와 저널리즘	미등록	연	정상	18	4	2024	손	뉴욕타임스	
c1496	종이신문 열독률과 구독률	미디어와 저널리즘	미등록	연	정상	19	2	2020	손	한국언론진흥재단	
c1498	지상파 직접 수신 비율	미디어와 저널리즘	미등록	연	정상	17	1	2021	손	방송통신위원회	
c1507	세계 신문사 구독과 광고 추이	미디어와 저널리즘	미등록	연	정상	6	4	2024	손	PwC+WAN-IFRA, 단위 억 달러	
c1508	연령대별 인구	인구 구조	미등록	연	정상	113	81	2072	KOSIS	국가데이터처	
c1513	20대 인구와 취업자	노동	미등록	연	정상	26	2	2025	KOSIS	국가데이터처	
c1521	20대 연령대별 인구	인구 구조	미등록	연	정상	36	10	2025	KOSIS	국가데이터처	
c1522	연령대별 취업자	인구 구조	미등록	연	정상	63	6	2025	KOSIS	국가데이터처	
c1523	연령대별 인구	인구 구조	미등록	연	정상	113	9	2072	KOSIS	국가데이터처	
c1524	연령대별 취업자	인구 구조	미등록	연	정상	63	6	2025	KOSIS	국가데이터처	
c1525	20대 인구와 취업자	인구 구조	미등록	연	정상	63	2	2025	KOSIS	국가데이터처	
c1526	30대 인구와 취업자	인구 구조	미등록	연	정상	63	2	2025	KOSIS	국가데이터처	
c1539	GDP 대비 국가 채무 비율 전망. — GDP 대비 비율	조세와 재정	미등록	연	정상	69	1	2065	KOSIS	기획재정부. 2025년 이후는 예상	
c1540	GDP 대비 국가 채무 비율 전망. (2)	조세와 재정	미등록	연	정상	5	2	2065	KOSIS	기획재정부. 2025년 이후는 예상	
c1541	GDP 대비 국가 채무 비율 전망. (2)	조세와 재정	미등록	연	정상	5	6	2065	KOSIS	기획재정부. 2025년 이후는 예상	
c1543	관리재정수지. — 관리재정수지(단위: 조 원)	조세와 재정	미등록	연	정상	34	2	2023	KOSIS	기획재정부	
c1544	관리재정수지. — 관리재정수지 (GDP 대비)	조세와 재정	미등록	연	정상	34	1	2023	KOSIS	기획재정부	
c1545	관리재정수지	조세와 재정	미등록	연	정상	36	2	2025	KOSIS	기획재정부	
c1571	이재명 직무수행 평가. — 42	정치	미등록	연	정상	7	1	2021	갤럽PDF	한국갤럽	
c1582	역대 선거 투표율. — 대선	정치	미등록	연	정상	35	1	2022	손	중앙선거관리위원회	
c1583	역대 선거 투표율. — 총선	정치	미등록	연	정상	35	1	2022	손	중앙선거관리위원회	
c1584	역대 선거 투표율. — 총선	정치	미등록	연	정상	23	1	2028	손	중앙선거관리위원회	
c1585	역대 선거 투표율. — 대선	정치	미등록	연	정상	9	1	2025	손	중앙선거관리위원회	
c1586	역대 선거 투표율. — 지선	정치	미등록	연	정상	9	1	2026	손	중앙선거관리위원회	
c1587	역대 선거 투표율. — Untitled 1	정치	미등록	연	정상	6	1	1971	손	중앙선거관리위원회	
c1588	베네수엘라 1인당 GDP와 국제 유가. — Venezuela	세계 경제	미등록	연	정상	47	1	2026	IMF	IMF	
c1595	카레라이스 소비자 가격와 원가 구성. (1)	세계 경제	미등록	연	정상	11	3	2025	손	株式会社帝国データバンクは, / 2025년은 3월 기준	
c1596	카레라이스 소비자 가격와 원가 구성. — 소비자가격	세계 경제	미등록	연	정상	11	1	2025	손	株式会社帝国データバンクは, / 2025년은 3월 기준	
c1599	해남군 인구와 합계 출산율. — 합계출산율	지역	미등록	연	정상	33	1	2024	KOSIS	국가데이터처	
c1600	전체 예산 대비 국방비 예산 추이. — 전체 예산 대비 국방비 비중	북한	미등록	연	정상	26	1	2025	KOSIS	기획재정부	
c1601	전체 예산 대비 국방비 예산 추이	북한	미등록	연	정상	26	3	2025	KOSIS	기획재정부	
c1606	가계부채와 기업부채 현황. — GDP 대비 비율	금융	미등록	연	정상	17	1	2024	ECOS	한국은행	
c1611	기초연금 수급자 수와 전망. — 지급액	연금과 기금	미등록	연	정상	27	1	2040	KOSIS	보건복지부	
c1612	기초연금 수급자 수와 전망. — 수급자	연금과 기금	미등록	연	정상	27	1	2040	KOSIS	보건복지부	
c1613	국제투자대조표. — GDP	환율	미등록	연	정상	30	1	2024	출처없음		
c1618	국제 LNG 가격. — 금융부채	기후와 에너지	미등록	연	정상	16	1	2025	출처없음		
c1619	한국전력공사 영업이익과 LNG 도입 단가. — 영업이익	기후와 에너지	미등록	연	정상	15	1	2024	출처없음		
c1620	한국전력공사 영업이익과 LNG 도입 단가. — LNG 도입 단가	기후와 에너지	미등록	연	정상	15	1	2024p	출처없음		
c1621	한국전력공사 영업이익과 LNG 도입 단가. — 영업이익	기후와 에너지	미등록	연	정상	16	1	2025	출처없음		
c1622	한국전력공사 영업이익과 LNG 도입 단가. — LNG 연료비 단가	기후와 에너지	미등록	연	정상	16	1	Untitled 1	출처없음		
c1658	광고가 줄어드는데 매출은 늘어난다. 광고와 협찬, 후원 이외에 매출이 늘어날 요인이 없다.	미디어와 저널리즘	미등록	연	정상	21	1	2023	출처없음		
c1659	광고가 줄어드는데 매출은 늘어난다. 광고와 협찬, 후원 이외에 매출이 늘어날 요인이 없다.	미디어와 저널리즘	미등록	연	정상	20	1	2022	출처없음		
c1668	뉴욕타임스 유료 구독자 현황. — Region 1	미디어와 저널리즘	미등록	연	정상	14	1	2024	손	뉴욕타임스	
c1678	출생연도별 고용 현황	한눈에 보는 한국	미등록	연	정상	81	2	1930	손	「경제활동인구조사」 마이크로 데이터, 2025년 연간 평균	
c1687	실제 배출량. (1)	기후와 에너지	미등록	연	정상	3	6	2024	손	산업연구원 전망	
c1689	와이즈앱리테일 자료는 5120만 명으로 추산한 자료를 역산함	미디어와 저널리즘	미등록	연	정상	6	4	2023	손	유튜브와 신문, TV 보는 시간	
c1910	한국의 수출 비율	수출과 무역	미등록	연	정상	55	4	2025	손	한국무역협회:	
c1911	한국의 수입 비율	수출과 무역	미등록	연	정상	55	4	2025	손	한국무역협회:	
c1912	자동차 3사 시가 총액	수출과 무역	미등록	연	정상	29	7	2026	출처없음		
c1913	주요 자동차 기업 시가 총액	수출과 무역	미등록	연	정상	29	6	2026	출처없음		
c1924	1주택자 종부세 세율	조세와 재정	미등록	연	정상	19	4	2023	출처없음		
c1961	연령대별 구성 비율	지역	미등록	연	정상	113	3	2072	KOSIS	국가데이터처 장래 인구 추계	
c1976	국가데이터처 사망 원인 통계	자살	미등록	연	정상	41	19	2023	출처없음		
c1982	GDP(국내총생산)	지속가능한 성장	미등록	연	정상	73	2	2926	출처없음		
c1984	자동차 생산 대수	기업과 산업	미등록	연	정상	27	10	2024	출처없음		
c1985	자동차 3사 시가 총액	기업과 산업	미등록	연	정상	29	3	2026	출처없음		
c1999	Share of Android vs iOS users worldwide as of June	기업과 산업	미등록	연	정상	14	2	2023	출처없음		
c2013	국경 없는 기자회, 언론자유지수	미디어와 저널리즘	미등록	연	정상	23	1	2025	손	() (2011년은 조사가 없었습니다.)	
c2020	미국 신문‧방송 산업과 빅테크 광고 매출 추이	미디어와 저널리즘	미등록	연	정상	69	5	2024	손	퓨리서치, (신문산업 2013년부터는 추정치.) TV는 이마케터 추산. (지상파와 케이블, 커넥티드까지 합계)	https://www.pewresearch.org/journalism/fact-sheet/newspapers/
c2039	정규직과 비정규직 시간당 임금	비정규직	미등록	연	정상	17	2	2024	KOSIS	고용노동부 근로실태 조사, 단위: 원.	
c2042	20대 인구와 취업자	노동	미등록	연	정상	8	2	2025	KOSIS	국가데이터처, 단위: 만 명.	
c2044	20대 인구 고용 분포	노동	미등록	연	정상	23	6	2025	KOSIS	국가데이터처, 단위: %.	
c2046	남녀 월 임금 총액	노동	미등록	연	정상	33	2	2025	손	노동부 근로 실태 조사, 단위: 만 원.	
c2047	연도별 실질임금과 최저임금	최저임금	미등록	연	정상	39	2	2027	손	최저임금위원회. 단위: 만 원.	
c2048	다태아 비율	인구 구조	미등록	연	정상	35	1	2025	KOSIS	국가데이터처, 단위: %.	
c2050	수입 자동차 판매 대수	수출과 무역	미등록	연	정상	20	33	2025	손	한국수입자동차협회, 단위: 대.	
c2053	건강보험 수입-지출 추이	복지와 사회 안전망	미등록	연	정상	29	1	2025	KOSIS	국가데이터처. 단위: 조 원.	
c2054	건강보험 보험료수입-지출 추이	복지와 사회 안전망	미등록	연	정상	29	1	2025	KOSIS	국가데이터처. 단위: 조 원.	
c2057	전체 조세 대비 주요 세금 비중(한국)	조세와 재정	미등록	연	정상	24	6	2023	OECD	2024년 기준 OECD, 단위: %.	
c2058	전체 조세 대비 주요 세금 비중(OECD)	조세와 재정	미등록	연	정상	24	6	2023	OECD	2024년 기준 OECD, 단위: %.	
c2063	세수 현황	조세와 재정	미등록	연	정상	46	4	2026	출처없음		
c2064	미국이 중국에 수출하는 콩	식량	미등록	연	정상	54	1	2026	손	USDA/FAS/Export Sales Reporting, 단위: 억 달러.	https://apps.fas.usda.gov/gats/ExpressQuery1.aspx?Source=homepage
c2065	미국과 브라질이 중국에 수출하는 콩	식량	미등록	연	정상	29	2	2025	손	USDA/FAS/Export Sales Reporting, 단위: 억 달러.	https://apps.fas.usda.gov/gats/ExpressQuery1.aspx?Source=homepage
c2066	브라질이 중국에 수출하는 콩	식량	미등록	연	정상	30	1	2026	손	USDA/FAS/Export Sales Reporting, 단위: 억 달러.	https://apps.fas.usda.gov/gats/ExpressQuery1.aspx?Source=homepage
c2088	미국 휘발유 가격	세계 경제	미등록	연	정상	35	1	2026	손	단위: 달러/갤런.	https://www.investing.com/commodities/crude-oil-historical-data
c2089	미국과 캐나다의 무역 규모	세계 경제	미등록	연	정상	41	2	2025	손	단위: 억 달러.	
c2090	외환보유액 구성	세계 경제	미등록	연	정상	66	4	2025	손	단위: 억 달러.	
c2092	미국 경제 성장률	세계 경제	미등록	연	정상	66	1	2026	손	BEA, 단위: %.	
c2098	광주전남과 전북 인구 비교	지역	미등록	연	정상	83	3	2052	KOSIS	국가데이터처 장래인구 추계, 단위: 만 명.	
c2105	코스피와 코스닥 사이드카 발동 건수	주식	미등록	연	정상	27	2	2026	손	단위: 건. 2026년은 7월28일까지.	
c2117	그린벨트 해제 현황	부동산	미등록	연	정상	26	2	2025	KOSIS	국토교통부, 단위 : ㎢.	
c2118	주택 공급	부동산	미등록	연	정상	14	1	2026	출처없음		
c2119	서울 주택 공급	부동산	미등록	연	정상	14	3	2026	출처없음		
c2131	전기차 판매량	기후와 에너지	미등록	연	정상	7	4	2026e	손	단위: 백만 대.	
c2135	독일의 에너지원별 발전 비중	기후와 에너지	미등록	연	정상	36	3	2025	손	단위: %.	
c2136	한국의 에너지원별 발전 비중	기후와 에너지	미등록	연	정상	36	3	2025	손	단위: %.	
c2137	독일 에너지원별 발전 비중	기후와 에너지	미등록	연	정상	40	8	2024	손	단위: %.	
c2138	재생 에너지 9%	기후와 에너지	미등록	연	정상	40	8	2024	손	단위: %.	
c2140	EU LNG 가격과 독일 산업용 전기요금. — 산업용 전기요금	기후와 에너지	미등록	연	정상	12	1	2025	손	단위: 달러/Million Metric British Thermal Unit.	
c2148	JTBC 매출과 영업이익	기업과 산업	미등록	연	정상	15	2	2025	손	별도 기준, 단위: 억 원.	
c2149	JTBC 영업이익	기업과 산업	미등록	연	정상	15	1	2025	손	별도 기준, 단위: 억 원.	
c2150	엔비디아 매출과 영업이익	기업과 산업	미등록	연	정상	28	2	2026 (TTM)	손	단위: 10억 달러.	https://companiesmarketcap.com/nvidia/earnings/
c2154	삼성전자와 SK하이닉스, 마이크론 시가총액 비교	기업과 산업	미등록	연	정상	20	3	2026	손	단위: 10억 달러.	
c2161	글로벌 자동차 생산 비중	기업과 산업	미등록	연	정상	26	4	2025	출처없음		
c2162	유럽 자동차 판매에서 중국 자동차 규모	기업과 산업	미등록	연	정상	21	2	2025	출처없음		
c2163	글로벌 자동차 생산 비중	기업과 산업	미등록	연	정상	26	5	2025	출처없음		
c2164	중국 자동차 수출과 수입 추이	기업과 산업	미등록	연	정상	26	2	2025	손	OICA: 단위: 만 대..	
c2165	중국 자동차 내수와 수출 추이	기업과 산업	미등록	연	정상	10	2	2025	손	OICA: 단위: 만 대..	
c2166	세계 전기차 생산 대수	기업과 산업	미등록	연	정상	16	2	2025	손	OICA: 단위: 만 대..	
c2167	세계 전기차 생산 비중	기업과 산업	미등록	연	정상	16	2	2025	손	OICA: 단위: 만 대..	
c2168	중국 자동차 수출과 수입 추이	기업과 산업	미등록	연	정상	27	3	2026	손	OICA: 단위: 만 대..	
c2169	폭스바겐 중국 판매량	기업과 산업	미등록	연	정상	23	3	2025	손	OICA: 단위: 만 대..	
c2170	포르쉐와 스텔란티스 중국 판매량	기업과 산업	미등록	연	정상	10	2	2025	손	OICA: 단위: 만 대..	
c2173	국내 완성차 업체 판매대수	기업과 산업	미등록	연	정상	13	2	2024	손	단위: 만 대. 2024년은 블룸버그 추정.	
c2174	아이폰 무게	기업과 산업	미등록	연	정상	20	2	2026	손	단위: g.	
c2175	아이폰 두께	기업과 산업	미등록	연	정상	20	2	2026	손	단위: cm, 아이폰 듀오는 접은 상태.	
c2176	아이폰 너비	기업과 산업	미등록	연	정상	20	2	2026	손	단위: cm, 아이폰 듀오는 접은 상태.	
c2178	우편 매출액	TMI	미등록	연	정상	25	3	2024	손	우정사업본부, 단위: 억 원.	
c2179	우편 취급 통수	TMI	미등록	연	정상	25	3	2024	손	우정사업본부, 단위: 억 튱.	
c2184	한국을 방문한 일본 관광객 수	TMI	미등록	연	정상	24	2	2026	출처없음		
c2185	한국을 방문한 외국인 관광객 수	TMI	미등록	연	정상	24	2	2026	출처없음		
c2186	한국을 방문한 중국 관광객 수	TMI	미등록	연	정상	24	2	2026	출처없음		
c2187	1인당 사교육비	TMI	미등록	연	정상	19	3	2025	KOSIS	교육부, 단위: 만 원.	https://www.index.go.kr/unify/idx-info.do?idxCd=4244
c2188	종합 독서율	미디어와 저널리즘	미등록	연	정상	19	4	2025	손	문화체육관광부, 단위: %.	
	이대남의 정당 지지율	정치	미등록	월	뭉갬	74	3	2026	갤럽PDF	갤럽리포트, 월간 평균.	
	코스피 지수와 S&P 500 지수	주식	미등록	월	뭉갬	541	2	2026	출처없음		
	EU LNG 가격과 영국 전기요금	기후와 에너지	미등록	월	뭉갬	132	2	2025	손	단위: 달러/Million Metric British Thermal Unit, GBP/MWh.	
	내수출하지수(계절조정)	지속가능한 성장	미등록	월	뭉갬	275	1	2025	KOSIS	국가데이터처, 2020=100.	
	삼성전자와 SK하이닉스 시가총액 추이	기업과 산업	미등록	월	뭉갬	272	2	2026	손	단위: 조 원. / 월 평균 기준.	
c0016	구인 구직 현황	노동	미등록	월	뭉갬	286	2	2025	KOSIS	고용노동부 근로실태 조사	
c0017	구인 배수	노동	미등록	월	뭉갬	288	1	2025	KOSIS	고용노동부 근로실태 조사	
c0022	15~29세 실업률과 확장 실업률	노동	미등록	월	정상	132	3	2025.12	KOSIS	국가데이터처	
c0025	취업자 수	노동	미등록	월	뭉갬	529	5	2026	KOSIS	국가데이터처 「경제활동인구조사」	
c0029	고용률	노동	미등록	월	뭉갬	324	5	2026	KOSIS	국가데이터처 「경제활동인구조사」	
c0030	15~29세와 60세 이상 고용률 비교	노동	미등록	월	뭉갬	324	2	2026	KOSIS	국가데이터처 「경제활동인구조사」	
c0039	취업자 수(월별)	노동	미등록	월	뭉갬	527	5	2026	KOSIS	국가데이터처 「경제활동인구조사」	
c0040	취업자 수	노동	미등록	월	뭉갬	527	5	2026	KOSIS	국가데이터처 경제활동인구 조사, 단위: 만 명.	
c0043	20대와 60대 고용률	노동	미등록	월	뭉갬	96	2	2025	KOSIS	국가데이터처, 「경제활동인구조사」	
c0046	월별 취업자 수 증감	노동	미등록	월	뭉갬	504	1	2025	KOSIS	전년 동월 대비, 국가데이터처	
c0049	청년 실업자와 쉬었음 인구	노동	미등록	월	뭉갬	314	2	2026	KOSIS	국가데이터처 「경제활동인구조사」	
c0051	구인 구직 현황	노동	미등록	월	뭉갬	287	2	2025	KOSIS	고용노동부 근로실태 조사	
c0052	구인 배수	노동	미등록	월	뭉갬	287	1	2025	KOSIS	고용노동부 근로실태 조사	
c0053	제조업 취업자수 증감 추이	노동	미등록	월	뭉갬	144	1	2025	KOSIS	국가데이터처	
c0054	건설업 취업자수 증감 추이	노동	미등록	월	뭉갬	144	1	2025	KOSIS	국가데이터처	
c0055	제조업 취업자 수	노동	미등록	월	정상	152	1	2025.08	KOSIS	국가데이터처	
c0056	건설업 취업자 수	노동	미등록	월	정상	152	1	2025.08	KOSIS	국가데이터처	
c0058	실업급여 지급액	노동	미등록	월	뭉갬	196	1	2026	KOSIS	고용노동부	https://eis.work24.go.kr/eisps/rpt/reptDtl.do?menuId=020030040
c0059	실업급여 지급인원	노동	미등록	월	뭉갬	196	1	2026	KOSIS	고용노동부	https://eis.work24.go.kr/eisps/rpt/reptDtl.do?menuId=020030040
c0142	전년 대비 월별 출생아 증가율	출산	미등록	월	뭉갬	526	2	2025	출처없음		
c0151	내수출하지수(계절조정)	물가와 생활	미등록	월	뭉갬	275	1	2025	KOSIS	국가데이터처, 2020=100	
c0175	수출 증감률	수출과 무역	미등록	월	뭉갬	69	1	2025	손	산업통상자원부, 전년 동월대비	
c0359	한국의 소매 쌀값	식량	미등록	월	뭉갬	363	1	2026	손	20kg 기준	
c0360	일본의 소매 쌀값	식량	미등록	월	뭉갬	129	1	2025	손	고시히카리, 5kg 기준. https://www.jpmarket-conditions.com/1002/	고시히카리, 5kg 기준. 단위: 엔. https://www.jpmarket-conditions.com/1002/
c0361	한국과 일본의 소매 쌀값	식량	미등록	월	뭉갬	131	2	2025	손	한국은 상품 5kg기준, 일본은 고시히라키 5kg 기준. 일본 엔화를 월초 환율 기준으로 환산. https://www.e-st	한국은 상품 5kg기준, 일본은 고시히라키 5kg 기준. 단위: 원. 일본 엔화를 월초 환율 기준으로 환산. https://www.e-stat.go.jp/
c0365	일본의 소매 쌀값	식량	미등록	월	뭉갬	125	1	2025	손	고시히카리, 5kg 기준. https://www.jpmarket-conditions.com/1002/	고시히카리, 5kg 기준. 단위: 엔. https://www.jpmarket-conditions.com/1002/
c0370	미국-중국 대두 수출	식량	미등록	월	정상	556	1	2026-04	출처없음		https://apps.fas.usda.gov/gats/ExpressQuery1.aspx?Source=homepage
c0371	한국의 산지 쌀값과 소매 쌀값	식량	미등록	월	뭉갬	145	3	2026	손	20kg 기준	https://kamis.or.kr/customer/price/product/period.do?action=monthly&yyyy=2025&period=30&co
c0405	이대남과 이대녀의 민주당 지지율	정치	미등록	월	뭉갬	80	2	2026	갤럽PDF	갤럽리포트, 월간 평균	
c0406	이대남과 이대녀의 국민의힘 지지율	정치	미등록	월	뭉갬	76	2	2026	갤럽PDF	갤럽리포트, 월간 평균	
c0410	이대남의 정당 지지율	정치	미등록	월	뭉갬	74	3	2026	갤럽PDF	갤럽리포트, 월간 평균	
c0411	이대녀의 정당 지지율	정치	미등록	월	뭉갬	74	3	2026	갤럽PDF	갤럽리포트, 월간 평균	
c0412	이대남과 이대녀의 정당 지지율. (1)	정치	미등록	월	뭉갬	76	3	2026	갤럽PDF	갤럽리포트, 월간 평균	
c0492	국제 유가	세계 경제	미등록	월	뭉갬	481	1	2026	손	WTI유 선물 기준	
c0495	코스피 지수와 S&P 500 지수	세계 경제	미등록	월	뭉갬	541	2	2026	출처없음		
c0496	S&P 500 지수	세계 경제	미등록	월	뭉갬	676	1	2026	출처없음		
c0497	미국 국채 보유량	세계 경제	미등록	월	뭉갬	310	36	2025	손	단위: 10억 달러.	
c0498	호르무즈 해협을 통과하는 선박 수	세계 경제	미등록	월	뭉갬	1372	1	2026	손	S&P글로벌, 단위 척	
c0500	국제 유가 장기 추이	세계 경제	미등록	월	뭉갬	522	1	2026	손	WTI유 기준	https://www.investing.com/commodities/crude-oil-historical-data
c0507	달러 인덱스	세계 경제	미등록	월	뭉갬	668	1	2026	출처없음		
c0520	미국의 제조업 취업자 수	세계 경제	미등록	월	뭉갬	1051	1	2026	손	U.S. BUREAU OF LABOR STATISTICS	https://fred.stlouisfed.org/series/MANEMP#
c0521	미국의 전체 고용 대비 제조업 취업자 비중	세계 경제	미등록	월	뭉갬	1041	1	2025	손	U.S. BUREAU OF LABOR STATISTICS	
c0524	WTI 원유 현물 가격	세계 경제	미등록	월	뭉갬	517	1	2026	출처없음		
c0530	금값	세계 경제	미등록	월	뭉갬	369	1	2026	손	단위: 달러/온스.	https://www.macrotrends.net/datasets/1333/historical-gold-prices-100-year-chart
c0530	금값	세계 경제	미등록	월	뭉갬	679	1	2026	출처없음		https://www.macrotrends.net/datasets/1333/historical-gold-prices-100-year-chart
c0531	은값	세계 경제	미등록	월	뭉갬	673	1	2026	출처없음		https://www.macrotrends.net/1470/historical-silver-prices-100-year-chart
c0532	금값과 은값 상대 비교	세계 경제	미등록	월	뭉갬	72	2	2025	출처없음		https://www.macrotrends.net/1470/historical-silver-prices-100-year-chart
c0540	구리 선물 가격	세계 경제	미등록	월	뭉갬	444	1	2025	손	인베스팅닷컴	
c0543	Sham’s Rule Indicator	세계 경제	미등록	월	뭉갬	905	1	2024	출처없음		
c0673	주택 담보 대출	금융	미등록	월	뭉갬	218	1	2026	출처없음		
c0684	투자 예탁금	주식	미등록	월	뭉갬	337	1	2026	손	금융투자협회	
c0686	종합주가지수	주식	미등록	월	뭉갬	542	1	2026	출처없음		
c0692	코스피와 코스닥 PER	주식	미등록	월	정상	262	2	2025.10	출처없음		
c0693	코스피와 코스닥 시가총액	주식	미등록	월	정상	31	2	2026.04	KRX	KRX	
c0694	코스피와 코스닥 지수	주식	미등록	월	뭉갬	73	2	2026	출처없음		
c0695	코스피와 코스닥 시가총액	주식	미등록	월	정상	474	2	2025/12	출처없음		
c0701	코스피 배당성향	주식	미등록	월	뭉갬	257	1	2025	KRX	KRX	
c0708	정권별 30평형 아파트 시세	부동산	미등록	월	정상	6	1	2025.05	손	경제정의실천시민연합	
c0709	정권별 강남-비강남 30평형 아파트 시세	부동산	미등록	월	정상	6	2	2025.05	손	경제정의실천시민연합	
c0713	아파트 1㎡ 가격	부동산	미등록	월	뭉갬	172	25	2026	출처없음		
c0719	아파트 매매 가격 대비 전세 가격	부동산	미등록	월	뭉갬	325	7	2026	KB엑셀	KB부동산허브	
c0722	아파트 매매 가격 대비 전세 가격	부동산	미등록	월	뭉갬	205	7	2026	KB엑셀	KB부동산허브	
c0723	아파트 1㎡당 분양가	부동산	미등록	월	뭉갬	119	3	2025	KB엑셀	KB부동산허브	
c0724	아파트 1㎡당 분양가와 매매가(전국)	부동산	미등록	월	뭉갬	116	2	2025	KB엑셀	KB부동산허브	
c0725	서울 아파트 평균 매매가격과 전세가격	부동산	미등록	월	뭉갬	179	2	2026	KB엑셀	KB부동산허브	
c0726	아파트 1㎡당 분양가와 매매가(서울)	부동산	미등록	월	뭉갬	116	2	2025	KB엑셀	KB부동산허브	
c0736	청약 통장 수	부동산	미등록	월	뭉갬	113	1	2026	손	청약홈	
c0752	아파트 거래량(서울)	부동산	미등록	월	뭉갬	240	1	2025	손	부동산 통계 정보	
c0753	아파트 거래량(전국)	부동산	미등록	월	뭉갬	240	1	2025	손	부동산 통계 정보	
c0758	연천군 청산면 인구	복지	미등록	월	뭉갬	157	8	2026	출처없음		
c0759	옥천군 인구	복지	미등록	월	뭉갬	185	1	2026	출처없음		
c0760	연천군 청산면 인구	복지	미등록	월	뭉갬	157	2	2026	출처없음		
c0761	연천군 인구	복지	미등록	월	뭉갬	157	2	2026	출처없음		
c0762	신안군 인구 추이	복지	미등록	월	뭉갬	185	1	2026	출처없음		
c0770	국민연금 포트폴리오	연금과 기금	미등록	월	정상	25	6	2026.02	출처없음		
c0783	연명의료 중단 결정 현황	건강과 보건	미등록	월	뭉갬	85	4	2026	손	국립연명의료관리기관	
c0784	연명의료 의향서 등록과 중단 결정 현황	건강과 보건	미등록	월	뭉갬	85	3	2026	손	국립연명의료관리기관	
c0828	원-달러 환율	환율	미등록	월	뭉갬	536	1	2026	출처없음		
c0829	원-달러 환율과 엔-달러 환율	환율	미등록	월	뭉갬	559	2	2026	손	명목	
c0832	원엔 환율	환율	미등록	월	뭉갬	441	1	2026	출처없음		
c0839	외환보유액	환율	미등록	월	뭉갬	668	1	2026	ECOS	한국은행	https://data.kbland.kr/kbstats/pir
c0848	휘발유와 경유 소매 가격	소비와 물가	미등록	월	뭉갬	352	2	2026	손	오피넷	
c0867	김 10장 가격	소비와 물가	미등록	월	뭉갬	362	1	2026	손	한국농수산식품유통공사	
c0868	달걀 특란 30구 가격	소비와 물가	미등록	월	뭉갬	102	1	2026	손	축산물품질평가원, 월간 가격 기준	
c0870	소비자 물가 지수	소비와 물가	미등록	월	정상	78	1	Untitled 5	ECOS	한국은행, 2020=100	
c0872	소비자 물가 지수	소비와 물가	미등록	월	뭉갬	732	1	2025	ECOS	한국은행, 2020=100	
c0873	소매 판매액 지수	소비와 물가	미등록	월	뭉갬	360	2	2025	KOSIS	국가데이터처. 전년 동기 대비. 「불변지수」 기준	
c0874	소비자 심리지수	소비와 물가	미등록	월	정상	194	1	2026-02	KOSIS	국가데이터처. 전년 동기 대비	
c0882	미국 소비자 물가 상승률	소비와 물가	미등록	월	뭉갬	133	1	2025	손	(	
c0904	한국과 유럽연합 배출권 가격 동향	기후와 에너지	미등록	월	정상	179	2	2025-03	손	International Carbon Action Partnership	
c0940	전기차 등록 대수	기후와 에너지	미등록	월	뭉갬	190	1	2025	손	/ 차지인포	
c0950	국제 LNG 가격	기후와 에너지	미등록	월	뭉갬	192	1	2025	출처없음		https://www.investing.com/commodities/newcastle-coal-futures-historical-data
c0969	EU LNG 가격	기후와 에너지	미등록	월	뭉갬	426	1	2025	출처없음		
c0970	EU LNG 가격과 영국 전력 도매 가격	기후와 에너지	미등록	월	뭉갬	136	2	Untitled 1	출처없음		https://fred.stlouisfed.org/series/PNGASEUUSDM
c0971	EU LNG 가격과 스페인 전력 도매 가격	기후와 에너지	미등록	월	뭉갬	136	2	Untitled 1	출처없음		https://fred.stlouisfed.org/series/PNGASEUUSDM
c0972	EU LNG 가격과 영국 전력 도매 가격	기후와 에너지	미등록	월	뭉갬	136	2	Untitled 1	출처없음		https://fred.stlouisfed.org/series/PNGASEUUSDM
c0973	EU LNG 가격과 프랑스 전력 도매 가격	기후와 에너지	미등록	월	뭉갬	136	2	Untitled 1	출처없음		https://fred.stlouisfed.org/series/PNGASEUUSDM
c0974	EU LNG 가격과 독일 전력 도매 가격	기후와 에너지	미등록	월	뭉갬	136	2	Untitled 1	출처없음		https://fred.stlouisfed.org/series/PNGASEUUSDM
c0975	EU 도매 전력 가격	기후와 에너지	미등록	월	뭉갬	76	11	2026	출처없음		https://fred.stlouisfed.org/series/PNGASEUUSDM
c0976	국제 LNG 가격	기후와 에너지	미등록	월	뭉갬	264	1	2025	출처없음		
c0977	EU LNG 가격	기후와 에너지	미등록	월	뭉갬	411	1	2026	손	단위: 달러/Million Metric British Thermal Unit.	https://fred.stlouisfed.org/series/PNGASEUUSDM
c0977	EU LNG 가격	기후와 에너지	미등록	월	뭉갬	126	1	2025	출처없음		
c0978	국제 석탄 가격	기후와 에너지	미등록	월	뭉갬	1405	1	2025	출처없음		
c0979	EU LNG 가격과 영국 전기요금	기후와 에너지	미등록	월	뭉갬	132	2	2025	출처없음		
c0980	EU 도매 전력 가격	기후와 에너지	미등록	월	뭉갬	136	25	2026	손	EMBER	
c1004	연료원별 정산 단가와 계통 한계가격	기후와 에너지	미등록	월	뭉갬	291	4	2026	손	「전력통계정」보시스템	
c1014	원료원별 연료비 단가	기후와 에너지	미등록	월	뭉갬	297	3	2025	손	「전력통계정」보시스템	
c1026	통화량 M2	지속가능한 성장	미등록	월	뭉갬	477	1	2025	출처없음		
c1048	코스피 지수	기업과 산업	미등록	월	뭉갬	541	1	2026	출처없음		
c1051	코스피 지수와 S&P 500 지수	기업과 산업	미등록	월	뭉갬	77	2	2026	출처없음		
c1052	삼성전자와 SK하이닉스 시가총액 추이	기업과 산업	미등록	월	뭉갬	275	2	2026	손	우선주 포함, / 월 평균 기준	
c1068	이동통신 가입자 수	기업과 산업	미등록	월	뭉갬	93	4	2025	출처없음		
c1070	소비자용 챗GPT에서 업무용과 비업무용 메시지의 비율	기업과 산업	미등록	월	정상	18	2	2025-12	손	오픈AI	
c1082	현대자동차 주가	기업과 산업	미등록	월	뭉갬	272	1	2026	출처없음		
c1083	삼성전자와 SK하이닉스 시가총액 추이	기업과 산업	미등록	월	뭉갬	272	2	2026	손	/ 월 평균 기준	
c1084	코스피 시가총액	기업과 산업	미등록	월	뭉갬	365	1	2026	손	/ 월 평균 기준	
c1085	삼성전자와 SK하이닉스 시가총액 추이	기업과 산업	미등록	월	뭉갬	276	3	2026	손	/ 월 평균 기준	
c1086	삼성전자와 SK하이닉스 시가총액 비중	기업과 산업	미등록	월	뭉갬	269	3	2026	손	/ 월 평균 기준	
c1087	삼성전자와 SK하이닉스 주가 추이	기업과 산업	미등록	월	뭉갬	270	2	2026	손	/ 삼성전자는 2018년 액면 분할 이전 주가는 환산해서 반영	
c1117	월별 수출과 무역수지	기업과 산업	미등록	월	뭉갬	381	2	2026	출처없음		
c1131	라면 3사 시가총액 추이	기업과 산업	미등록	월	정상	77	3	2026/05	출처없음		
c1132	네이버 웹툰 주가	기업과 산업	미등록	월	정상	305	1	2025-09	출처없음		
c1133	삼양식품과 엔비디아 주가 추이	기업과 산업	미등록	월	정상	69	2	2025-09	출처없음		
c1250	LG엔솔 상장	재벌	미등록	월	정상	932	2	2025/08	출처없음		
c1251	LG화학과 LG에너지솔루션 시가총액 추이	재벌	미등록	월	뭉갬	97	2	2026	출처없음		
c1260	합병 전후 제일모직과 삼성물산 시가총액 비교	재벌	미등록	월	정상	140	4	202408	KRX	KRX	
c1261	통합 삼성물산 출범. 2015년 9월15일	재벌	미등록	월	뭉갬	152	4	2025	KRX	KRX	
c1262	제일모직과 삼성물산 합병 전후 이재용 일가 보유 지분	재벌	미등록	월	정상	140	4	202408	KRX	KRX	
c1263	제일모직과 삼성물산 합병 전후 이재용 일가 보유 지분 가치	재벌	미등록	월	정상	140	4	202408	KRX	KRX	
c1332	중국과 일본 관광객 수	TMI	미등록	월	뭉갬	273	2	2025	손	「한국관광통계」	
c1352	폐지 가격 추이	TMI	미등록	월	뭉갬	264	2	2025	손	자원순환 마루	
c1354	인천공항 승객	TMI	미등록	월	뭉갬	199	1	2026	출처없음		
c1356	인천공항 화물	TMI	미등록	월	뭉갬	199	2	2026	출처없음		
c1364	한강 노벨상 수상 발표	TMI	미등록	월	정상	52	2	25년 12월	손	출판 유통 통합 전산망	
c1437	재판 끝	미디어와 저널리즘	미등록	월	정상	48	1	201012	출처없음		
c1442	@WhiteHouse 트윗 조회수	미디어와 저널리즘	미등록	월	정상	15	1	2024.09	출처없음		
c1503	조국 청문회	미디어와 저널리즘	미등록	월	정상	81	3	2020.09	출처없음		
c1504	‘기레기’ 담론의 진화	미디어와 저널리즘	미등록	월	정상	125	3	2024-05	출처없음		
c1517	직종별 취업자 수	노동	미등록	월	뭉갬	161	4	2026	KOSIS	국가데이터처 「경제활동인구조사」	
c1589	베네수엘라 1인당 GDP와 국제 유가. — DCOILWTICO	세계 경제	미등록	월	뭉갬	480	1	2025	IMF	IMF	
c1604	가계 대출과 기업 대출. — 기업 대출	금융	미등록	월	뭉갬	225	1	2025	출처없음		
c1617	국제 LNG 가격. — Untitled 1	기후와 에너지	미등록	월	뭉갬	192	1	2025	출처없음		
c1626	영국 전기요금 추이. — Untitled 1	기후와 에너지	미등록	월	뭉갬	1405	1	2025	출처없음		
c1905	옥천군 세대 수	복지	미등록	월	뭉갬	167	1	2026	출처없음		
c1906	옥천군 인구와 세대 수	복지	미등록	월	뭉갬	167	2	2026	출처없음		
c1907	옥천군 인구	복지	미등록	월	뭉갬	167	1	2026	출처없음		
c1908	20대 인구와 취업자 수	노동	미등록	월	뭉갬	327	2	2026	KOSIS	국가데이터처 경제활동인구조사, 단위: 만 명	https://kosis.kr/statHtml/statHtml.do?orgId=101&tblId=DT_1DA7012S
c1914	월별 무역수지	소비와 물가	미등록	월	뭉갬	724	1	2026	출처없음		
c1963	기본소득 도입 지역 인구	지역	미등록	월	뭉갬	185	10	2026	출처없음		
c1973	월간 전세 수급 지수	부동산	미등록	월	뭉갬	281	2	2026	출처없음		
c1974	아파트 매매 평균 가격	부동산	미등록	월	뭉갬	213	7	2026	KB엑셀	KB부동산허브	
c2030	청년 실업률	노동	미등록	월	뭉갬	321	1	2026	KOSIS	국가데이터처 「경제활동인구조사」	
c2031	미국 비농업 고용자 수	세계 경제	미등록	월	정상	1052	1	2026-08	FRED	미국 노동통계국(BLS), FRED PAYEMS, 계절조정, 단위: 백만 명	https://fred.stlouisfed.org/series/PAYEMS
c2032	미국 월별 신규 일자리(비농업 고용 전월 대비 증감)	세계 경제	미등록	월	정상	68	1	2026-08	FRED	미국 노동통계국(BLS), FRED PAYEMS, 계절조정, 단위: 천 명	https://fred.stlouisfed.org/series/PAYEMS
c2041	55세 이상 취업자	노동	미등록	월	뭉갬	325	2	2026	KOSIS	국가데이터처, 단위: 만 명.	
c2043	20대 인구 취업자 수 비율	노동	미등록	월	뭉갬	283	4	2026	KOSIS	국가데이터처, 단위: %.	
c2049	경상수지	수출과 무역	미등록	월	뭉갬	558	1	2026	ECOS	단위: 억 달러. 한국은행.	
c2082	달러-엔 환율	세계 경제	미등록	월	뭉갬	667	1	2026	손	단위: 엔.	https://kr.investing.com/currencies/usd-jpy-historical-data
c2083	미국 국채 수익률	세계 경제	미등록	월	뭉갬	368	2	2026	손	단위: %.	https://www.macrotrends.net/datasets/1333/historical-gold-prices-100-year-chart
c2084	미국 국채 보유량	세계 경제	미등록	월	정상	312	4	2026-02	손	단위: 10억 달러.	
c2086	호르무즈 해협을 통과한 선박 수(월별)	세계 경제	미등록	월	뭉갬	92	1	2026	손	포트워치, 단위 척.	
c2087	호르무즈 해협을 통과하는 선박 수	세계 경제	미등록	월	정상	467	1	2026-04	손	S&P글로벌, 단위 척.	
c2093	30년 만기 미국 국채 수익률	세계 경제	미등록	월	뭉갬	595	1	2026	FRED	FRED, 단위: %.	https://fred.stlouisfed.org/series/DGS30#
c2094	10년 만기 미국 국채 수익률	세계 경제	미등록	월	뭉갬	777	1	2026	FRED	FRED, 단위: %.	https://fred.stlouisfed.org/series/DGS30#
c2095	2년과 30년 미국 국채 수익률	세계 경제	미등록	월	뭉갬	602	2	2026	FRED	FRED, 단위: %.	https://fred.stlouisfed.org/series/DGS30#
c2096	달러-엔 환율	세계 경제	미등록	월	뭉갬	667	1	2026	손	단위: 엔.	https://kr.investing.com/currencies/usd-jpy-historical-data
c2097	미국 국채 수익률. — Untitled 1	세계 경제	미등록	월	뭉갬	368	1	2026	손	단위: %.	
c2100	가계 대출과 기업 대출. — 기업 대출	금융	미등록	월	뭉갬	282	1	2026	손	단위: 조 원.	
c2121	주간 아파트 매매가격 지수(서울)	부동산	미등록	월	뭉갬	745	1	2026	출처없음		
c2122	주간 아파트 매매 가격 변동률(서울)	부동산	미등록	월	뭉갬	744	2	2026	출처없음		
c2123	월별 자살자 수	자살	미등록	월	뭉갬	88	2	2026	출처없음		
c2124	김밥 한 줄 가격	소비와 물가	미등록	월	뭉갬	379	1	2026	손	한국소비자원, 서울 평균, 단위: 원. 물가지수 기준으로 역산.	
c2125	소비자 물가 지수 등락률	소비와 물가	미등록	월	뭉갬	318	1	2026	ECOS	한국은행, 전년 동월 대배, 단위: %.	
c2132	국제 석탄 선물 가격	기후와 에너지	미등록	월	뭉갬	212	1	2026	손	단위: 달러. Newcastle Coal (NCFMc1).	https://www.investing.com/commodities/newcastle-coal-futures-historical-data
c2133	국제 LNG 선물 가격	기후와 에너지	미등록	월	뭉갬	212	1	2026	손	단위: 달러. Natural Gas (NGU6)	https://www.investing.com/commodities/natural-gas-historical-data
c2134	LNG와 석탄 선물 가격	기후와 에너지	미등록	월	뭉갬	212	2	2026	손	단위: 달러.	https://www.investing.com/commodities/newcastle-coal-futures-historical-data
c2141	EU LNG 가격과 독일 산업용 전기요금. — 가격(원)	기후와 에너지	미등록	월	뭉갬	151	1	2026	손	단위: 달러/Million Metric British Thermal Unit.	
c2144	세종메디칼 주가	기업과 산업	미등록	월	뭉갬	224	1	2024	손	단위: 원.	
c2159	월별 무역수지	기업과 산업	미등록	월	뭉갬	729	1	2026	손	산업통상자원부 수출실적, 단위: 억 달러.	
c2160	월별 수출	기업과 산업	미등록	월	뭉갬	381	1	2026	손	산업통상자원부 수출실적, 단위: 억 달러.	
c2182	이재명 X(트위터) 게시물 건수	TMI	미등록	월	정상	62	1	2026-09	손	단위: 건.	
c2183	이재명 X 게시물 건수	TMI	미등록	월	정상	15	1	2026-08	손	단위: 건, 2026년 8월은 28일까지.	
c2189	뉴스공장과 시선집중 월별 누적 조회수	미디어와 저널리즘	미등록	월	정상	43	2	2026-07	손	단위: 만 건.	
c2190	아침 시사 프로그램 월간 유튜브 조회수	미디어와 저널리즘	미등록	월	정상	42	4	2026-07	손	단위: 만 건.	
c0402	주관적 정치적 성향 분포	정치	미등록	월·주	뭉갬	124	3	2026	갤럽PDF	갤럽리포트, 월간 기준	
c0403	중도 성향 응답자의 비율	정치	미등록	월·주	뭉갬	124	1	2026	갤럽PDF	갤럽리포트	
c1112	비트코인 가격	기업과 산업	미등록	월·주	뭉갬	789	1	2026	출처없음		https://coinmarketcap.com/currencies/bitcoin/
c1151	CJENM 영화드라마 사업 부문 영업이익 추이	기업과 산업	미등록	월·주	뭉갬	18	2	2025	손	CJENM	
c1259	제일모직과 삼성물산 시가총액 비교	재벌	미등록	월·주	뭉갬	1032	4	2020	KRX	KRX	
c1476	뉴욕타임스 뉴스 구독자 증감	미디어와 저널리즘	미등록	월·주	뭉갬	47	1	2025	출처없음		
c1480	뉴욕타임스 유료 구독자 현황	미디어와 저널리즘	미등록	월·주	뭉갬	59	2	2025	손	뉴욕타임스	
c1506	한국인이 가장 즐겨 보는 뉴스 채널	미디어와 저널리즘	미등록	월·주	뭉갬	52	7	2025	갤럽PDF	갤럽리포트	
c1667	뉴욕타임스 유료 구독자 현황. — 구독	미디어와 저널리즘	미등록	월·주	뭉갬	60	1	2025	손	뉴욕타임스	
c2071	조국 사태	정치	미등록	월·주	뭉갬	176	2	2026	갤럽PDF	갤럽리포트.	
c0681	코스피 투자 주체별 누적 순매수	주식	미등록	일·주	정상	229	3	2025/12/10	KRX	KRX	
c1624	영국 전기요금 추이	기후와 에너지	미등록	일·주	정상	132	3	2025-12-01	출처없음		
c1625	영국 전기요금 추이. — United Kingdom	기후와 에너지	미등록	일·주	정상	132	1	2025-12-01	출처없음		
c1627	영국 전기요금 추이	기후와 에너지	미등록	일·주	정상	132	1	2025-12-01	출처없음		
